-- Auto-generated seed data (2025-10-22)
-- Use at.htlle.freq.seed.SeedDataGenerator to regenerate.

-- Countries (ISO codes with readable names)
INSERT INTO Country (CountryCode, CountryName) VALUES
    ('AT', 'Austria'),
    ('DE', 'Germany'),
    ('CH', 'Switzerland'),
    ('SE', 'Sweden'),
    ('NO', 'Norway'),
    ('FI', 'Finland'),
    ('ES', 'Spain'),
    ('FR', 'France'),
    ('US', 'United States'),
    ('CA', 'Canada')
;

-- Cities (IDs, names, and country references)
INSERT INTO City (CityID, CityName, CountryCode) VALUES
    ('AT-VIENNA', 'Vienna', 'AT'),
    ('AT-GRAZ', 'Graz', 'AT'),
    ('AT-LINZ', 'Linz', 'AT'),
    ('DE-BERLIN', 'Berlin', 'DE'),
    ('DE-MUNICH', 'Munich', 'DE'),
    ('DE-HAMBURG', 'Hamburg', 'DE'),
    ('CH-ZURICH', 'Zurich', 'CH'),
    ('CH-BERN', 'Bern', 'CH'),
    ('CH-BASEL', 'Basel', 'CH'),
    ('SE-STOCKHOLM', 'Stockholm', 'SE'),
    ('SE-GOTHENBURG', 'Gothenburg', 'SE'),
    ('SE-MALMO', 'Malmö', 'SE'),
    ('NO-OSLO', 'Oslo', 'NO'),
    ('NO-BERGEN', 'Bergen', 'NO'),
    ('NO-TRONDHEIM', 'Trondheim', 'NO'),
    ('FI-HELSINKI', 'Helsinki', 'FI'),
    ('FI-TAMPERE', 'Tampere', 'FI'),
    ('FI-OULU', 'Oulu', 'FI'),
    ('ES-MADRID', 'Madrid', 'ES'),
    ('ES-BARCELONA', 'Barcelona', 'ES'),
    ('ES-VALENCIA', 'Valencia', 'ES'),
    ('FR-PARIS', 'Paris', 'FR'),
    ('FR-LYON', 'Lyon', 'FR'),
    ('FR-BORDEAUX', 'Bordeaux', 'FR'),
    ('US-SEATTLE', 'Seattle', 'US'),
    ('US-AUSTIN', 'Austin', 'US'),
    ('US-DENVER', 'Denver', 'US'),
    ('CA-TORONTO', 'Toronto', 'CA'),
    ('CA-VANCOUVER', 'Vancouver', 'CA'),
    ('CA-CALGARY', 'Calgary', 'CA')
;

-- Addresses (street data mapped to cities)
INSERT INTO Address (AddressID, Street, CityID) VALUES
    ('eec1d383-0eaf-4730-8d3c-030000000001', 'Riverside Road 1', 'AT-VIENNA'),
    ('92ee5dd4-33f4-4ea3-a93a-030000000002', 'Central Avenue 2', 'AT-GRAZ'),
    ('d11e0794-3464-425a-b56d-030000000003', 'Harbor Street 3', 'AT-LINZ'),
    ('cc74168b-45cf-4e77-85fd-030000000004', 'Sunrise Lane 4', 'DE-BERLIN'),
    ('09e79663-db22-4bd7-9782-030000000005', 'Meadow Boulevard 5', 'DE-MUNICH'),
    ('0c9cbc36-f7cd-4549-b6f1-030000000006', 'Summit Drive 6', 'DE-HAMBURG'),
    ('038b6692-1324-40df-9156-030000000007', 'Market Road 7', 'CH-ZURICH'),
    ('e984af09-00b7-4bfa-9583-030000000008', 'Baker Avenue 8', 'CH-BERN'),
    ('9e197950-fbf3-4fff-a134-030000000009', 'Liberty Street 9', 'CH-BASEL'),
    ('1c7ff397-c4d4-4666-9f1e-030000000010', 'Oak Lane 10', 'SE-STOCKHOLM'),
    ('b905959a-bad2-4400-8b30-030000000011', 'Riverside Boulevard 11', 'SE-GOTHENBURG'),
    ('87161b2f-b7ff-4918-bd09-030000000012', 'Central Drive 12', 'SE-MALMO'),
    ('dd4323a2-455c-4080-971a-030000000013', 'Harbor Road 13', 'NO-OSLO'),
    ('fb75aa18-b227-4209-9a83-030000000014', 'Sunrise Avenue 14', 'NO-BERGEN'),
    ('8fdb1e44-fdac-41de-ad4c-030000000015', 'Meadow Street 15', 'NO-TRONDHEIM'),
    ('d096134a-a24e-4206-909f-030000000016', 'Summit Lane 16', 'FI-HELSINKI'),
    ('e1ab844f-6645-4be5-8c68-030000000017', 'Market Boulevard 17', 'FI-TAMPERE'),
    ('e90ac2b0-5f62-449e-92e2-030000000018', 'Baker Drive 18', 'FI-OULU'),
    ('61983e37-5f13-4458-be45-030000000019', 'Liberty Road 19', 'ES-MADRID'),
    ('a396f278-26b6-4870-bacc-030000000020', 'Oak Avenue 20', 'ES-BARCELONA'),
    ('78ed9002-4626-4f48-aba0-030000000021', 'Riverside Street 21', 'ES-VALENCIA'),
    ('ebc9b7ce-7bf5-4ff5-a196-030000000022', 'Central Lane 22', 'FR-PARIS'),
    ('35c6b11b-77d7-492e-af1f-030000000023', 'Harbor Boulevard 23', 'FR-LYON'),
    ('2e38b2db-9804-43eb-afcb-030000000024', 'Sunrise Drive 24', 'FR-BORDEAUX'),
    ('8be9bbba-75fe-4bf1-86e3-030000000025', 'Meadow Road 25', 'US-SEATTLE'),
    ('14003294-cc1b-4e16-bd62-030000000026', 'Summit Avenue 26', 'US-AUSTIN'),
    ('90c4db64-6ca0-4ff2-b7f5-030000000027', 'Market Street 27', 'US-DENVER'),
    ('ba827284-02f5-466f-a852-030000000028', 'Baker Lane 28', 'CA-TORONTO'),
    ('19379103-7805-4c7f-9afa-030000000029', 'Liberty Boulevard 29', 'CA-VANCOUVER'),
    ('418dbcf5-6bfb-46be-a208-030000000030', 'Oak Drive 30', 'CA-CALGARY'),
    ('0e95204b-7673-41f0-bd1f-030000000031', 'Riverside Road 31', 'AT-VIENNA'),
    ('cd64b3c5-b230-4278-8b65-030000000032', 'Central Avenue 32', 'AT-GRAZ'),
    ('dc8db6ee-6b0d-4ad7-ab00-030000000033', 'Harbor Street 33', 'AT-LINZ'),
    ('ebef9244-ab09-4754-acef-030000000034', 'Sunrise Lane 34', 'DE-BERLIN'),
    ('1052dac6-41a3-47bb-bc1a-030000000035', 'Meadow Boulevard 35', 'DE-MUNICH'),
    ('e2886829-bc09-4741-a104-030000000036', 'Summit Drive 36', 'DE-HAMBURG'),
    ('2b48c30c-b679-497e-84e7-030000000037', 'Market Road 37', 'CH-ZURICH'),
    ('ad738fe8-47a8-4d1b-8f15-030000000038', 'Baker Avenue 38', 'CH-BERN'),
    ('1da58bcb-b5b1-4db0-979d-030000000039', 'Liberty Street 39', 'CH-BASEL'),
    ('936fa996-d3c4-42c6-b98a-030000000040', 'Oak Lane 40', 'SE-STOCKHOLM'),
    ('349e560f-4487-488c-9256-030000000041', 'Riverside Boulevard 41', 'SE-GOTHENBURG'),
    ('90f9c24a-1587-4c34-9b84-030000000042', 'Central Drive 42', 'SE-MALMO'),
    ('c082e302-9249-4cb8-bbe8-030000000043', 'Harbor Road 43', 'NO-OSLO'),
    ('4bdae4b6-d5d7-4728-9dea-030000000044', 'Sunrise Avenue 44', 'NO-BERGEN'),
    ('de532b73-5ab4-41df-90b0-030000000045', 'Meadow Street 45', 'NO-TRONDHEIM'),
    ('238ecb46-51a4-4501-9957-030000000046', 'Summit Lane 46', 'FI-HELSINKI'),
    ('2c1d5ed2-baab-4ced-855f-030000000047', 'Market Boulevard 47', 'FI-TAMPERE'),
    ('7ad66471-d10e-41e5-9f2c-030000000048', 'Baker Drive 48', 'FI-OULU'),
    ('a0943c21-a038-4361-b175-030000000049', 'Liberty Road 49', 'ES-MADRID'),
    ('98d97690-b1b3-499c-9142-030000000050', 'Oak Avenue 50', 'ES-BARCELONA'),
    ('5b9f3892-13db-43d6-8b40-030000000051', 'Riverside Street 51', 'ES-VALENCIA'),
    ('8779fc02-8990-467b-9bb9-030000000052', 'Central Lane 52', 'FR-PARIS'),
    ('b2c30aad-3d5d-4ac4-a3ff-030000000053', 'Harbor Boulevard 53', 'FR-LYON'),
    ('0fd85f53-535b-4a93-8ff7-030000000054', 'Sunrise Drive 54', 'FR-BORDEAUX'),
    ('1dbb4470-c3ec-4f25-be79-030000000055', 'Meadow Road 55', 'US-SEATTLE'),
    ('6232683c-f88b-4dfb-a4b8-030000000056', 'Summit Avenue 56', 'US-AUSTIN'),
    ('0723ad0e-5c26-4358-bf76-030000000057', 'Market Street 57', 'US-DENVER'),
    ('0c72dd1a-9705-40c0-8490-030000000058', 'Baker Lane 58', 'CA-TORONTO'),
    ('e4cb5305-04c6-4089-87dc-030000000059', 'Liberty Boulevard 59', 'CA-VANCOUVER'),
    ('c2431a5b-e1fb-473f-b85f-030000000060', 'Oak Drive 60', 'CA-CALGARY')
;

-- Accounts (organizations and contact details)
INSERT INTO Account (AccountID, AccountName, ContactName, ContactEmail, ContactPhone, VATNumber, Country) VALUES
    ('bfacb3aa-2756-4c62-9f92-040000000001', 'Acme Integration', 'Ingrid Novak', 'ingrid.novak@acme-integration.example', '+43 720000', 'AT19999999', 'Austria'),
    ('79481711-f879-4692-b08f-040000000002', 'Resilience Network 02', 'Markus Larsson', 'markus.larsson@resiliencenetwork.example', '+31 692763', 'DE10000001', 'Germany'),
    ('093a3223-339c-4718-8cbb-040000000003', 'Aurora Network 03', 'Lena Nielsen', 'lena.nielsen@auroranetwork.example', '+32 111248', 'CH10000002', 'Switzerland'),
    ('75fc7752-d81c-4398-aa1f-040000000004', 'Sentinel Network 04', 'Sven Meier', 'sven.meier@sentinelnetwork.example', '+33 648884', 'SE10000003', 'Sweden'),
    ('1f5b9498-4591-4cc3-927b-040000000005', 'Vertex Network 05', 'Carla Campbell', 'carla.campbell@vertexnetwork.example', '+34 669970', 'NO10000004', 'Norway'),
    ('c933f6c3-9431-4497-8f7e-040000000006', 'Atlas Network 06', 'Diego Olsen', 'diego.olsen@atlasnetwork.example', '+35 787525', 'FI10000005', 'Finland'),
    ('afe39e12-96a0-4e44-aad0-040000000007', 'Northern Network 07', 'Fatima Jensen', 'fatima.jensen@northernnetwork.example', '+36 721505', 'ES10000006', 'Spain'),
    ('39d87f59-4c91-40d0-8c20-040000000008', 'Harbor Network 08', 'Noah Gruber', 'noah.gruber@harbornetwork.example', '+37 696918', 'FR10000007', 'France'),
    ('852c90fe-57e3-478b-a54f-040000000009', 'Summit Network 09', 'Sophia Kallio', 'sophia.kallio@summitnetwork.example', '+38 555519', 'US10000008', 'United States'),
    ('963d549f-369c-4415-acd5-040000000010', 'Nova Network 10', 'Elias Fernandez', 'elias.fernandez@novanetwork.example', '+39 218093', 'CA10000009', 'Canada'),
    ('6fa72025-d4b5-4e90-b3d3-040000000011', 'Guardian Services 11', 'Anna Dubois', 'anna.dubois@guardianservices.example', '+40 877182', 'AT10000010', 'Austria'),
    ('86777c9d-8008-4fdd-936a-040000000012', 'Resilience Services 12', 'Markus Larsson', 'markus.larsson@resilienceservices.example', '+41 367502', 'DE10000011', 'Germany'),
    ('72b0a048-c430-41d9-8a61-040000000013', 'Aurora Services 13', 'Lena Nielsen', 'lena.nielsen@auroraservices.example', '+42 855276', 'CH10000012', 'Switzerland'),
    ('e113e677-fa0c-4ee9-838d-040000000014', 'Sentinel Services 14', 'Sven Meier', 'sven.meier@sentinelservices.example', '+43 472292', 'SE10000013', 'Sweden'),
    ('1649b364-3d3d-4028-96a3-040000000015', 'Vertex Services 15', 'Carla Campbell', 'carla.campbell@vertexservices.example', '+44 264476', 'NO10000014', 'Norway'),
    ('a8f9bc49-ccc6-4053-a31f-040000000016', 'Atlas Services 16', 'Diego Olsen', 'diego.olsen@atlasservices.example', '+45 378032', 'FI10000015', 'Finland'),
    ('98e5d086-5242-464c-bce6-040000000017', 'Northern Services 17', 'Fatima Jensen', 'fatima.jensen@northernservices.example', '+46 588456', 'ES10000016', 'Spain'),
    ('8084619d-c2e8-4915-8944-040000000018', 'Harbor Services 18', 'Noah Gruber', 'noah.gruber@harborservices.example', '+47 676170', 'FR10000017', 'France'),
    ('34856fa9-79b5-4e6c-be97-040000000019', 'Summit Services 19', 'Sophia Kallio', 'sophia.kallio@summitservices.example', '+48 568743', 'US10000018', 'United States'),
    ('7a2199a5-ff8c-4c2c-9967-040000000020', 'Nova Services 20', 'Elias Fernandez', 'elias.fernandez@novaservices.example', '+49 472209', 'CA10000019', 'Canada'),
    ('763c1a15-9396-406a-adf0-040000000021', 'Guardian Alliance 21', 'Anna Dubois', 'anna.dubois@guardianalliance.example', '+50 741400', 'AT10000020', 'Austria'),
    ('93df0b4f-cbab-4ff7-90fb-040000000022', 'Resilience Alliance 22', 'Markus Larsson', 'markus.larsson@resiliencealliance.example', '+51 827863', 'DE10000021', 'Germany'),
    ('911065c9-4a76-45f6-87ee-040000000023', 'Aurora Alliance 23', 'Lena Nielsen', 'lena.nielsen@auroraalliance.example', '+52 657226', 'CH10000022', 'Switzerland'),
    ('ba81943a-7fa4-4d2f-bcdf-040000000024', 'Sentinel Alliance 24', 'Sven Meier', 'sven.meier@sentinelalliance.example', '+53 562913', 'SE10000023', 'Sweden'),
    ('87d3bff9-50fe-499e-9074-040000000025', 'Vertex Alliance 25', 'Carla Campbell', 'carla.campbell@vertexalliance.example', '+54 111243', 'NO10000024', 'Norway'),
    ('768637be-9cdf-4010-9b66-040000000026', 'Atlas Alliance 26', 'Diego Olsen', 'diego.olsen@atlasalliance.example', '+55 215241', 'FI10000025', 'Finland'),
    ('f36faeb1-e56c-4151-8bc9-040000000027', 'Northern Alliance 27', 'Fatima Jensen', 'fatima.jensen@northernalliance.example', '+56 646030', 'ES10000026', 'Spain'),
    ('d863f5af-c7b9-48ef-b064-040000000028', 'Harbor Alliance 28', 'Noah Gruber', 'noah.gruber@harboralliance.example', '+57 807458', 'FR10000027', 'France'),
    ('c49ab9ed-345a-40fc-9d68-040000000029', 'Summit Alliance 29', 'Sophia Kallio', 'sophia.kallio@summitalliance.example', '+58 217387', 'US10000028', 'United States'),
    ('64fc2d09-dbac-4d89-b094-040000000030', 'Nova Alliance 30', 'Elias Fernandez', 'elias.fernandez@novaalliance.example', '+59 198246', 'CA10000029', 'Canada')
;

-- Deployment variants (catalog of rollout templates)
INSERT INTO DeploymentVariant (VariantID, VariantCode, VariantName, Description, IsActive) VALUES
    ('c6d338c5-53ff-4f94-a39e-050000000001', 'URB-HA', 'Urban High Availability', 'Redundant core with disaster recovery', TRUE),
    ('06adb20b-d915-419e-92bf-050000000002', 'URB-STD', 'Urban Standard', 'Standard city deployment', TRUE),
    ('c487446a-e5fb-422c-99ff-050000000003', 'RUR-LT', 'Rural Light', 'Compact package for small communities', FALSE),
    ('17ec3c8c-23d9-4523-b16f-050000000004', 'MTN-OPS', 'Mountain Operations', 'Hardened variant for alpine regions', TRUE),
    ('51266b0a-fd11-424f-86f4-050000000005', 'CST-EDGE', 'Coastal Edge', 'Optimised for coastline coverage', TRUE),
    ('2f89e292-a615-494b-aa75-050000000006', 'MET-X2', 'Metropolitan X2', 'Extended capacity for mega cities', TRUE),
    ('75692ecf-5a14-4b1f-aa32-050000000007', 'RAP-RT', 'Rapid Response', 'Fast deploy incident bundle', TRUE),
    ('1da6c6d8-bc85-46fa-8db7-050000000008', 'AIR-MOB', 'Air Mobile', 'Airborne operations set', TRUE),
    ('6b601e60-c962-4528-9699-050000000009', 'SEC-PLUS', 'Secure Plus', 'Security-focused blueprint', TRUE),
    ('df39fe3c-8a25-4760-8d08-050000000010', 'BSC-LITE', 'Basic Lite', 'Entry level configuration', TRUE)
;

-- Software catalogue entries (release and lifecycle metadata)
INSERT INTO Software (SoftwareID, Name, Release, Revision, SupportPhase, LicenseModel, ThirdParty, EndOfSalesDate, SupportStartDate, SupportEndDate) VALUES
    ('4da74a93-b659-4247-a8eb-060000000001', 'LifeX Core', '2024.1', '5', 'Production', 'Subscription', FALSE, DATEADD('DAY', 490, CURRENT_DATE), DATEADD('DAY', -204, CURRENT_DATE), DATEADD('DAY', 161, CURRENT_DATE)),
    ('c1b43cf4-e63e-46c3-b938-060000000002', 'Command Center', '2024.2', '6', 'Preview', 'Perpetual', FALSE, DATEADD('DAY', 290, CURRENT_DATE), DATEADD('DAY', -235, CURRENT_DATE), DATEADD('DAY', 130, CURRENT_DATE)),
    ('ee8deef4-f74f-450f-a6aa-060000000003', 'Edge Gateway', '2024.3', '7', 'EoL', 'Subscription', TRUE, DATEADD('DAY', 677, CURRENT_DATE), DATEADD('DAY', -193, CURRENT_DATE), DATEADD('DAY', 172, CURRENT_DATE)),
    ('fed6149a-d95f-42fd-b6c7-060000000004', 'Analytics Suite', '2024.1', '8', 'Production', 'Perpetual', TRUE, DATEADD('DAY', 192, CURRENT_DATE), DATEADD('DAY', -227, CURRENT_DATE), DATEADD('DAY', 138, CURRENT_DATE)),
    ('3b484b1d-f8e2-44ca-81a5-060000000005', 'LifeX Core', '2025.2', '9', 'Preview', 'Subscription', FALSE, DATEADD('DAY', 673, CURRENT_DATE), DATEADD('DAY', -156, CURRENT_DATE), DATEADD('DAY', 209, CURRENT_DATE)),
    ('13e636a8-bea2-4ec3-89da-060000000006', 'Command Center', '2025.3', '10', 'EoL', 'Perpetual', FALSE, DATEADD('DAY', 239, CURRENT_DATE), DATEADD('DAY', -215, CURRENT_DATE), DATEADD('DAY', 150, CURRENT_DATE)),
    ('5ef88261-c149-4f8b-9252-060000000007', 'Edge Gateway', '2025.1', '11', 'Production', 'Subscription', TRUE, DATEADD('DAY', 503, CURRENT_DATE), DATEADD('DAY', -143, CURRENT_DATE), DATEADD('DAY', 222, CURRENT_DATE)),
    ('7eb2372a-4947-47de-b690-060000000008', 'Analytics Suite', '2025.2', '12', 'Preview', 'Perpetual', TRUE, DATEADD('DAY', 455, CURRENT_DATE), DATEADD('DAY', -186, CURRENT_DATE), DATEADD('DAY', 179, CURRENT_DATE)),
    ('ca80bbb5-c8f9-4c71-b571-060000000009', 'LifeX Core', '2026.3', '13', 'EoL', 'Subscription', FALSE, DATEADD('DAY', 607, CURRENT_DATE), DATEADD('DAY', -145, CURRENT_DATE), DATEADD('DAY', 220, CURRENT_DATE)),
    ('1a213527-9b68-4c7c-892a-060000000010', 'Command Center', '2026.1', '14', 'Production', 'Perpetual', FALSE, DATEADD('DAY', 577, CURRENT_DATE), DATEADD('DAY', -197, CURRENT_DATE), DATEADD('DAY', 168, CURRENT_DATE)),
    ('005485d3-eecc-4b21-ab38-060000000011', 'Edge Gateway', '2026.2', '15', 'Preview', 'Subscription', TRUE, DATEADD('DAY', 553, CURRENT_DATE), DATEADD('DAY', -160, CURRENT_DATE), DATEADD('DAY', 205, CURRENT_DATE)),
    ('94c37f57-9782-4842-80d1-060000000012', 'Analytics Suite', '2026.3', '16', 'EoL', 'Perpetual', TRUE, DATEADD('DAY', 458, CURRENT_DATE), DATEADD('DAY', -164, CURRENT_DATE), DATEADD('DAY', 201, CURRENT_DATE)),
    ('ab4a5c54-2f44-4f3e-9297-060000000013', 'LifeX Core', '2026.4', '17', 'Production', 'Subscription', FALSE, DATEADD('DAY', 210, CURRENT_DATE), DATEADD('DAY', -120, CURRENT_DATE), DATEADD('DAY', 20, CURRENT_DATE)),
    ('e9cbb1b9-0b4c-4f84-a23c-060000000014', 'Command Center', '2026.5', '18', 'Preview', 'Perpetual', FALSE, DATEADD('DAY', 330, CURRENT_DATE), DATEADD('DAY', -90, CURRENT_DATE), DATEADD('DAY', 85, CURRENT_DATE))
;

-- Projects (SAP references, variants, and lifecycle states)
INSERT INTO Project (ProjectID, ProjectSAPID, ProjectName, DeploymentVariantID, BundleType, CreateDateTime, LifecycleStatus, AccountID, AddressID) VALUES
    ('c0cb3f12-abdc-4839-bd70-070000000001', 'PX-2101', 'Project Aurora 01', 'c6d338c5-53ff-4f94-a39e-050000000001', 'Premium', DATEADD('DAY', -10, CURRENT_DATE), 'ACTIVE', 'bfacb3aa-2756-4c62-9f92-040000000001', 'eec1d383-0eaf-4730-8d3c-030000000001'),
    ('2b0d9a59-e2b6-4fbe-b257-070000000002', 'PX-2102', 'Project Beacon 02', '06adb20b-d915-419e-92bf-050000000002', 'Standard', DATEADD('DAY', -14, CURRENT_DATE), 'MAINTENANCE', '79481711-f879-4692-b08f-040000000002', '92ee5dd4-33f4-4ea3-a93a-030000000002'),
    ('f1fd58b7-0756-4d10-9bcb-070000000003', 'PX-2103', 'Project Cascade 03', 'c487446a-e5fb-422c-99ff-050000000003', 'Hybrid', DATEADD('DAY', -18, CURRENT_DATE), 'PLANNED', '093a3223-339c-4718-8cbb-040000000003', 'd11e0794-3464-425a-b56d-030000000003'),
    ('57403bed-15b0-4146-aad4-070000000004', 'PX-2104', 'Project Delta 04', '17ec3c8c-23d9-4523-b16f-050000000004', 'Edge', DATEADD('DAY', -22, CURRENT_DATE), 'RETIRED', '75fc7752-d81c-4398-aa1f-040000000004', 'cc74168b-45cf-4e77-85fd-030000000004'),
    ('e2658fe3-b3b5-4ba1-90c7-070000000005', 'PX-2105', 'Project Ember 05', '51266b0a-fd11-424f-86f4-050000000005', 'Premium', DATEADD('DAY', -26, CURRENT_DATE), 'ACTIVE', '1f5b9498-4591-4cc3-927b-040000000005', '09e79663-db22-4bd7-9782-030000000005'),
    ('81cf8201-e505-4a55-9bf7-070000000006', 'PX-2106', 'Project Frontier 06', '2f89e292-a615-494b-aa75-050000000006', 'Standard', DATEADD('DAY', -30, CURRENT_DATE), 'MAINTENANCE', 'c933f6c3-9431-4497-8f7e-040000000006', '0c9cbc36-f7cd-4549-b6f1-030000000006'),
    ('326c2d3c-9ff0-4514-bf5b-070000000007', 'PX-2107', 'Project Guardian 07', '75692ecf-5a14-4b1f-aa32-050000000007', 'Hybrid', DATEADD('DAY', -34, CURRENT_DATE), 'PLANNED', 'afe39e12-96a0-4e44-aad0-040000000007', '038b6692-1324-40df-9156-030000000007'),
    ('6d518293-b4d1-4dca-9866-070000000008', 'PX-2108', 'Project Harbor 08', '1da6c6d8-bc85-46fa-8db7-050000000008', 'Edge', DATEADD('DAY', -38, CURRENT_DATE), 'RETIRED', '39d87f59-4c91-40d0-8c20-040000000008', 'e984af09-00b7-4bfa-9583-030000000008'),
    ('81fdbe26-aba1-496d-8e34-070000000009', 'PX-2109', 'Project Ion 09', '6b601e60-c962-4528-9699-050000000009', 'Premium', DATEADD('DAY', -42, CURRENT_DATE), 'ACTIVE', '852c90fe-57e3-478b-a54f-040000000009', '9e197950-fbf3-4fff-a134-030000000009'),
    ('3da44044-4f8a-435c-b86a-070000000010', 'PX-2110', 'Project Jade 10', 'df39fe3c-8a25-4760-8d08-050000000010', 'Standard', DATEADD('DAY', -46, CURRENT_DATE), 'MAINTENANCE', '963d549f-369c-4415-acd5-040000000010', '1c7ff397-c4d4-4666-9f1e-030000000010'),
    ('4a019167-0f4b-4f23-8925-070000000011', 'PX-2111', 'Project Aurora 11', 'c6d338c5-53ff-4f94-a39e-050000000001', 'Hybrid', DATEADD('DAY', -50, CURRENT_DATE), 'PLANNED', '6fa72025-d4b5-4e90-b3d3-040000000011', 'b905959a-bad2-4400-8b30-030000000011'),
    ('0a4e14d0-ca5c-4763-a1e1-070000000012', 'PX-2112', 'Project Beacon 12', '06adb20b-d915-419e-92bf-050000000002', 'Edge', DATEADD('DAY', -54, CURRENT_DATE), 'RETIRED', '86777c9d-8008-4fdd-936a-040000000012', '87161b2f-b7ff-4918-bd09-030000000012'),
    ('ea801bd3-7369-4adc-9b8f-070000000013', 'PX-2113', 'Project Cascade 13', 'c487446a-e5fb-422c-99ff-050000000003', 'Premium', DATEADD('DAY', -58, CURRENT_DATE), 'ACTIVE', '72b0a048-c430-41d9-8a61-040000000013', 'dd4323a2-455c-4080-971a-030000000013'),
    ('368e96fe-185b-4fe8-b575-070000000014', 'PX-2114', 'Project Delta 14', '17ec3c8c-23d9-4523-b16f-050000000004', 'Standard', DATEADD('DAY', -62, CURRENT_DATE), 'MAINTENANCE', 'e113e677-fa0c-4ee9-838d-040000000014', 'fb75aa18-b227-4209-9a83-030000000014'),
    ('6feebb92-5e7a-4b47-b9aa-070000000015', 'PX-2115', 'Project Ember 15', '51266b0a-fd11-424f-86f4-050000000005', 'Hybrid', DATEADD('DAY', -66, CURRENT_DATE), 'PLANNED', '1649b364-3d3d-4028-96a3-040000000015', '8fdb1e44-fdac-41de-ad4c-030000000015'),
    ('c5aa5c79-afd3-4b82-8c2c-070000000016', 'PX-2116', 'Project Frontier 16', '2f89e292-a615-494b-aa75-050000000006', 'Edge', DATEADD('DAY', -70, CURRENT_DATE), 'RETIRED', 'a8f9bc49-ccc6-4053-a31f-040000000016', 'd096134a-a24e-4206-909f-030000000016'),
    ('e0b8cf85-fe51-42e9-9284-070000000017', 'PX-2117', 'Project Guardian 17', '75692ecf-5a14-4b1f-aa32-050000000007', 'Premium', DATEADD('DAY', -74, CURRENT_DATE), 'ACTIVE', '98e5d086-5242-464c-bce6-040000000017', 'e1ab844f-6645-4be5-8c68-030000000017'),
    ('9f4b9295-bcd4-4d2b-9230-070000000018', 'PX-2118', 'Project Harbor 18', '1da6c6d8-bc85-46fa-8db7-050000000008', 'Standard', DATEADD('DAY', -78, CURRENT_DATE), 'MAINTENANCE', '8084619d-c2e8-4915-8944-040000000018', 'e90ac2b0-5f62-449e-92e2-030000000018'),
    ('c13a5119-3c79-4edb-9147-070000000019', 'PX-2119', 'Project Ion 19', '6b601e60-c962-4528-9699-050000000009', 'Hybrid', DATEADD('DAY', -82, CURRENT_DATE), 'PLANNED', '34856fa9-79b5-4e6c-be97-040000000019', '61983e37-5f13-4458-be45-030000000019'),
    ('83c752aa-8a1f-4658-9237-070000000020', 'PX-2120', 'Project Jade 20', 'df39fe3c-8a25-4760-8d08-050000000010', 'Edge', DATEADD('DAY', -86, CURRENT_DATE), 'RETIRED', '7a2199a5-ff8c-4c2c-9967-040000000020', 'a396f278-26b6-4870-bacc-030000000020'),
    ('65747560-cd6a-4ce0-a30f-070000000021', 'PX-2121', 'Project Aurora 01', 'c6d338c5-53ff-4f94-a39e-050000000001', 'Premium', DATEADD('DAY', -90, CURRENT_DATE), 'ACTIVE', '763c1a15-9396-406a-adf0-040000000021', '78ed9002-4626-4f48-aba0-030000000021'),
    ('3816d6ce-ba2f-4e7f-9307-070000000022', 'PX-2122', 'Project Beacon 02', '06adb20b-d915-419e-92bf-050000000002', 'Standard', DATEADD('DAY', -94, CURRENT_DATE), 'MAINTENANCE', '93df0b4f-cbab-4ff7-90fb-040000000022', 'ebc9b7ce-7bf5-4ff5-a196-030000000022'),
    ('15e461b7-22d1-42d4-b820-070000000023', 'PX-2123', 'Project Cascade 03', 'c487446a-e5fb-422c-99ff-050000000003', 'Hybrid', DATEADD('DAY', -98, CURRENT_DATE), 'PLANNED', '911065c9-4a76-45f6-87ee-040000000023', '35c6b11b-77d7-492e-af1f-030000000023'),
    ('4dc29f6e-a34d-43b0-a7b1-070000000024', 'PX-2124', 'Project Delta 04', '17ec3c8c-23d9-4523-b16f-050000000004', 'Edge', DATEADD('DAY', -102, CURRENT_DATE), 'RETIRED', 'ba81943a-7fa4-4d2f-bcdf-040000000024', '2e38b2db-9804-43eb-afcb-030000000024'),
    ('e22c9f92-2dbf-43e8-aa06-070000000025', 'PX-2125', 'Project Ember 05', '51266b0a-fd11-424f-86f4-050000000005', 'Premium', DATEADD('DAY', -106, CURRENT_DATE), 'ACTIVE', '87d3bff9-50fe-499e-9074-040000000025', '8be9bbba-75fe-4bf1-86e3-030000000025'),
    ('4aec6fcb-ecd6-4126-8b90-070000000026', 'PX-2126', 'Project Frontier 06', '2f89e292-a615-494b-aa75-050000000006', 'Standard', DATEADD('DAY', -110, CURRENT_DATE), 'MAINTENANCE', '768637be-9cdf-4010-9b66-040000000026', '14003294-cc1b-4e16-bd62-030000000026'),
    ('0e142027-760b-4bb5-85e5-070000000027', 'PX-2127', 'Project Guardian 07', '75692ecf-5a14-4b1f-aa32-050000000007', 'Hybrid', DATEADD('DAY', -114, CURRENT_DATE), 'PLANNED', 'f36faeb1-e56c-4151-8bc9-040000000027', '90c4db64-6ca0-4ff2-b7f5-030000000027'),
    ('0fb7a91d-1f21-45e9-9907-070000000028', 'PX-2128', 'Project Harbor 08', '1da6c6d8-bc85-46fa-8db7-050000000008', 'Edge', DATEADD('DAY', -118, CURRENT_DATE), 'RETIRED', 'd863f5af-c7b9-48ef-b064-040000000028', 'ba827284-02f5-466f-a852-030000000028'),
    ('48015f88-49d8-4aec-ad06-070000000029', 'PX-2129', 'Project Ion 09', '6b601e60-c962-4528-9699-050000000009', 'Premium', DATEADD('DAY', -122, CURRENT_DATE), 'ACTIVE', 'c49ab9ed-345a-40fc-9d68-040000000029', '19379103-7805-4c7f-9afa-030000000029'),
    ('43c237c8-b82d-4132-8764-070000000030', 'PX-2130', 'Project Jade 10', 'df39fe3c-8a25-4760-8d08-050000000010', 'Standard', DATEADD('DAY', -126, CURRENT_DATE), 'MAINTENANCE', '64fc2d09-dbac-4d89-b094-040000000030', '418dbcf5-6bfb-46be-a208-030000000030'),
    ('a8f225b3-8416-4fff-9346-070000000031', 'PX-2131', 'Project Aurora 11', 'c6d338c5-53ff-4f94-a39e-050000000001', 'Hybrid', DATEADD('DAY', -130, CURRENT_DATE), 'PLANNED', 'bfacb3aa-2756-4c62-9f92-040000000001', '0e95204b-7673-41f0-bd1f-030000000031'),
    ('cb7f1681-450f-427b-9866-070000000032', 'PX-2132', 'Project Beacon 12', '06adb20b-d915-419e-92bf-050000000002', 'Edge', DATEADD('DAY', -134, CURRENT_DATE), 'RETIRED', '79481711-f879-4692-b08f-040000000002', 'cd64b3c5-b230-4278-8b65-030000000032'),
    ('16d8584c-17bf-4bcf-b2c2-070000000033', 'PX-2133', 'Project Cascade 13', 'c487446a-e5fb-422c-99ff-050000000003', 'Premium', DATEADD('DAY', -138, CURRENT_DATE), 'ACTIVE', '093a3223-339c-4718-8cbb-040000000003', 'dc8db6ee-6b0d-4ad7-ab00-030000000033'),
    ('64532c6d-a3fb-41f7-bba0-070000000034', 'PX-2134', 'Project Delta 14', '17ec3c8c-23d9-4523-b16f-050000000004', 'Standard', DATEADD('DAY', -142, CURRENT_DATE), 'MAINTENANCE', '75fc7752-d81c-4398-aa1f-040000000004', 'ebef9244-ab09-4754-acef-030000000034'),
    ('5a744bf6-2223-4a3e-a3a5-070000000035', 'PX-2135', 'Project Ember 15', '51266b0a-fd11-424f-86f4-050000000005', 'Hybrid', DATEADD('DAY', -146, CURRENT_DATE), 'PLANNED', '1f5b9498-4591-4cc3-927b-040000000005', '1052dac6-41a3-47bb-bc1a-030000000035'),
    ('e7f32cba-de8d-43ae-b640-070000000036', 'PX-2136', 'Project Frontier 16', '2f89e292-a615-494b-aa75-050000000006', 'Edge', DATEADD('DAY', -150, CURRENT_DATE), 'RETIRED', 'c933f6c3-9431-4497-8f7e-040000000006', 'e2886829-bc09-4741-a104-030000000036'),
    ('e2d40f21-5bb6-45fd-870f-070000000037', 'PX-2137', 'Project Guardian 17', '75692ecf-5a14-4b1f-aa32-050000000007', 'Premium', DATEADD('DAY', -154, CURRENT_DATE), 'ACTIVE', 'afe39e12-96a0-4e44-aad0-040000000007', '2b48c30c-b679-497e-84e7-030000000037'),
    ('0ba17419-b102-44d3-bb42-070000000038', 'PX-2138', 'Project Harbor 18', '1da6c6d8-bc85-46fa-8db7-050000000008', 'Standard', DATEADD('DAY', -158, CURRENT_DATE), 'MAINTENANCE', '39d87f59-4c91-40d0-8c20-040000000008', 'ad738fe8-47a8-4d1b-8f15-030000000038')
;

-- Sites (per-project locations and facilities metadata)
INSERT INTO Site (SiteID, SiteName, ProjectID, AddressID, FireZone, TenantCount) VALUES
    ('9356ae01-fce4-4d24-84ca-080000000001', 'Aurora 01 Hub 1', 'c0cb3f12-abdc-4839-bd70-070000000001', 'eec1d383-0eaf-4730-8d3c-030000000001', 'Alpha', 6),
    ('7e723334-3ac1-454c-8e6d-080000000002', 'Aurora 01 Hub 2', 'c0cb3f12-abdc-4839-bd70-070000000001', '92ee5dd4-33f4-4ea3-a93a-030000000002', 'Bravo', 16),
    ('c5314a99-d4d0-4939-8f0f-080000000003', 'Beacon 02 Hub 1', '2b0d9a59-e2b6-4fbe-b257-070000000002', '92ee5dd4-33f4-4ea3-a93a-030000000002', 'Bravo', 19),
    ('572031c7-2b2b-4914-b228-080000000004', 'Beacon 02 Hub 2', '2b0d9a59-e2b6-4fbe-b257-070000000002', 'd11e0794-3464-425a-b56d-030000000003', 'Charlie', 25),
    ('7c82162b-ef58-4f14-96db-080000000005', 'Cascade 03 Hub 1', 'f1fd58b7-0756-4d10-9bcb-070000000003', 'd11e0794-3464-425a-b56d-030000000003', 'Charlie', 7),
    ('65a3be41-4d28-4276-a711-080000000006', 'Cascade 03 Hub 2', 'f1fd58b7-0756-4d10-9bcb-070000000003', 'cc74168b-45cf-4e77-85fd-030000000004', 'Delta', 9),
    ('fcde8ce1-ab84-404a-8fc7-080000000007', 'Delta 04 Hub 1', '57403bed-15b0-4146-aad4-070000000004', 'cc74168b-45cf-4e77-85fd-030000000004', 'Delta', 23),
    ('7b77662c-09b5-4b48-a3fd-080000000008', 'Delta 04 Hub 2', '57403bed-15b0-4146-aad4-070000000004', '09e79663-db22-4bd7-9782-030000000005', 'Echo', 25),
    ('95ae3b4a-058a-4412-9302-080000000009', 'Ember 05 Hub 1', 'e2658fe3-b3b5-4ba1-90c7-070000000005', '09e79663-db22-4bd7-9782-030000000005', 'Echo', 18),
    ('9f40a081-9821-4962-a5d7-080000000010', 'Ember 05 Hub 2', 'e2658fe3-b3b5-4ba1-90c7-070000000005', '0c9cbc36-f7cd-4549-b6f1-030000000006', 'Foxtrot', 7),
    ('f0227786-e7a8-4612-bb1a-080000000011', 'Frontier 06 Hub 1', '81cf8201-e505-4a55-9bf7-070000000006', '0c9cbc36-f7cd-4549-b6f1-030000000006', 'Foxtrot', 20),
    ('5542cc53-724f-4d4f-85fd-080000000012', 'Frontier 06 Hub 2', '81cf8201-e505-4a55-9bf7-070000000006', '038b6692-1324-40df-9156-030000000007', 'Alpha', 20),
    ('65aec290-3c78-4380-aaa8-080000000013', 'Guardian 07 Hub 1', '326c2d3c-9ff0-4514-bf5b-070000000007', '038b6692-1324-40df-9156-030000000007', 'Alpha', 24),
    ('2e4e3983-fe01-4281-b33d-080000000014', 'Guardian 07 Hub 2', '326c2d3c-9ff0-4514-bf5b-070000000007', 'e984af09-00b7-4bfa-9583-030000000008', 'Bravo', 25),
    ('a474481c-e010-46ff-8b18-080000000015', 'Harbor 08 Hub 1', '6d518293-b4d1-4dca-9866-070000000008', 'e984af09-00b7-4bfa-9583-030000000008', 'Bravo', 21),
    ('59ced102-d984-47dd-823b-080000000016', 'Harbor 08 Hub 2', '6d518293-b4d1-4dca-9866-070000000008', '9e197950-fbf3-4fff-a134-030000000009', 'Charlie', 25),
    ('a78012f5-46a9-4623-bc92-080000000017', 'Ion 09 Hub 1', '81fdbe26-aba1-496d-8e34-070000000009', '9e197950-fbf3-4fff-a134-030000000009', 'Charlie', 16),
    ('e76c819e-ec72-4aa4-b67a-080000000018', 'Ion 09 Hub 2', '81fdbe26-aba1-496d-8e34-070000000009', '1c7ff397-c4d4-4666-9f1e-030000000010', 'Delta', 7),
    ('eb06be2e-3fe7-43d7-99b2-080000000019', 'Jade 10 Hub 1', '3da44044-4f8a-435c-b86a-070000000010', '1c7ff397-c4d4-4666-9f1e-030000000010', 'Delta', 19),
    ('be84bbb8-a994-403c-ad7f-080000000020', 'Jade 10 Hub 2', '3da44044-4f8a-435c-b86a-070000000010', 'b905959a-bad2-4400-8b30-030000000011', 'Echo', 15),
    ('aa74e93e-7939-46b6-a56d-080000000021', 'Aurora 11 Hub 1', '4a019167-0f4b-4f23-8925-070000000011', 'b905959a-bad2-4400-8b30-030000000011', 'Echo', 19),
    ('942f3664-f6e4-4260-8432-080000000022', 'Aurora 11 Hub 2', '4a019167-0f4b-4f23-8925-070000000011', '87161b2f-b7ff-4918-bd09-030000000012', 'Foxtrot', 19),
    ('c3fa62be-1106-41c5-858d-080000000023', 'Beacon 12 Hub 1', '0a4e14d0-ca5c-4763-a1e1-070000000012', '87161b2f-b7ff-4918-bd09-030000000012', 'Foxtrot', 12),
    ('7db4d198-9ddb-46dd-be3f-080000000024', 'Beacon 12 Hub 2', '0a4e14d0-ca5c-4763-a1e1-070000000012', 'dd4323a2-455c-4080-971a-030000000013', 'Alpha', 6),
    ('497f21ca-c4d9-4a0f-aad2-080000000025', 'Cascade 13 Hub 1', 'ea801bd3-7369-4adc-9b8f-070000000013', 'dd4323a2-455c-4080-971a-030000000013', 'Alpha', 11),
    ('1434b4e1-d3b2-4e26-939d-080000000026', 'Cascade 13 Hub 2', 'ea801bd3-7369-4adc-9b8f-070000000013', 'fb75aa18-b227-4209-9a83-030000000014', 'Bravo', 19),
    ('c332e001-d195-4049-b558-080000000027', 'Delta 14 Hub 1', '368e96fe-185b-4fe8-b575-070000000014', 'fb75aa18-b227-4209-9a83-030000000014', 'Bravo', 6),
    ('2f7c3f72-7023-4c77-9864-080000000028', 'Delta 14 Hub 2', '368e96fe-185b-4fe8-b575-070000000014', '8fdb1e44-fdac-41de-ad4c-030000000015', 'Charlie', 20),
    ('b76a3f2d-2b0a-44a9-b711-080000000029', 'Ember 15 Hub 1', '6feebb92-5e7a-4b47-b9aa-070000000015', '8fdb1e44-fdac-41de-ad4c-030000000015', 'Charlie', 9),
    ('bb016efc-0902-41cc-88fb-080000000030', 'Ember 15 Hub 2', '6feebb92-5e7a-4b47-b9aa-070000000015', 'd096134a-a24e-4206-909f-030000000016', 'Delta', 8),
    ('ebdc917c-2c9d-409b-a942-080000000031', 'Frontier 16 Hub 1', 'c5aa5c79-afd3-4b82-8c2c-070000000016', 'd096134a-a24e-4206-909f-030000000016', 'Delta', 13),
    ('4c0b8185-e61a-4e6f-be92-080000000032', 'Frontier 16 Hub 2', 'c5aa5c79-afd3-4b82-8c2c-070000000016', 'e1ab844f-6645-4be5-8c68-030000000017', 'Echo', 19),
    ('60c209e7-221d-4af6-bb8f-080000000033', 'Guardian 17 Hub 1', 'e0b8cf85-fe51-42e9-9284-070000000017', 'e1ab844f-6645-4be5-8c68-030000000017', 'Echo', 15),
    ('7a506f6a-5af7-4635-9a3f-080000000034', 'Guardian 17 Hub 2', 'e0b8cf85-fe51-42e9-9284-070000000017', 'e90ac2b0-5f62-449e-92e2-030000000018', 'Foxtrot', 10),
    ('32a10043-9f50-437b-9809-080000000035', 'Harbor 18 Hub 1', '9f4b9295-bcd4-4d2b-9230-070000000018', 'e90ac2b0-5f62-449e-92e2-030000000018', 'Foxtrot', 24),
    ('f258cf7c-eb27-4f72-9ab2-080000000036', 'Ion 19 Hub 1', 'c13a5119-3c79-4edb-9147-070000000019', '61983e37-5f13-4458-be45-030000000019', 'Alpha', 25),
    ('354edfc0-7dea-4493-9321-080000000037', 'Jade 20 Hub 1', '83c752aa-8a1f-4658-9237-070000000020', 'a396f278-26b6-4870-bacc-030000000020', 'Bravo', 13),
    ('d9944e19-042c-42f5-bace-080000000038', 'Aurora 01 Hub 1', '65747560-cd6a-4ce0-a30f-070000000021', '78ed9002-4626-4f48-aba0-030000000021', 'Charlie', 22),
    ('96b9ac38-9946-43c6-aa82-080000000039', 'Beacon 02 Hub 1', '3816d6ce-ba2f-4e7f-9307-070000000022', 'ebc9b7ce-7bf5-4ff5-a196-030000000022', 'Delta', 9),
    ('7a599a02-b111-4961-b2e7-080000000040', 'Cascade 03 Hub 1', '15e461b7-22d1-42d4-b820-070000000023', '35c6b11b-77d7-492e-af1f-030000000023', 'Echo', 21),
    ('946349f4-5d9d-424b-b251-080000000041', 'Delta 04 Hub 1', '4dc29f6e-a34d-43b0-a7b1-070000000024', '2e38b2db-9804-43eb-afcb-030000000024', 'Foxtrot', 25),
    ('e2adc1d4-fb8f-4de6-9328-080000000042', 'Ember 05 Hub 1', 'e22c9f92-2dbf-43e8-aa06-070000000025', '8be9bbba-75fe-4bf1-86e3-030000000025', 'Alpha', 9),
    ('cd33ae58-e955-4508-9d32-080000000043', 'Frontier 06 Hub 1', '4aec6fcb-ecd6-4126-8b90-070000000026', '14003294-cc1b-4e16-bd62-030000000026', 'Bravo', 15),
    ('72910968-9d5b-4b3c-9298-080000000044', 'Guardian 07 Hub 1', '0e142027-760b-4bb5-85e5-070000000027', '90c4db64-6ca0-4ff2-b7f5-030000000027', 'Charlie', 22),
    ('91ca8b42-39ee-486c-b022-080000000045', 'Harbor 08 Hub 1', '0fb7a91d-1f21-45e9-9907-070000000028', 'ba827284-02f5-466f-a852-030000000028', 'Delta', 22),
    ('6ab32fd1-b99d-4c97-b753-080000000046', 'Ion 09 Hub 1', '48015f88-49d8-4aec-ad06-070000000029', '19379103-7805-4c7f-9afa-030000000029', 'Echo', 14),
    ('a89a0333-1d5d-4190-99e2-080000000047', 'Jade 10 Hub 1', '43c237c8-b82d-4132-8764-070000000030', '418dbcf5-6bfb-46be-a208-030000000030', 'Foxtrot', 16),
    ('a0204ce4-1c9f-475d-98ba-080000000048', 'Aurora 11 Hub 1', 'a8f225b3-8416-4fff-9346-070000000031', '0e95204b-7673-41f0-bd1f-030000000031', 'Alpha', 6),
    ('3eb257cc-7f77-4040-9a3a-080000000049', 'Beacon 12 Hub 1', 'cb7f1681-450f-427b-9866-070000000032', 'cd64b3c5-b230-4278-8b65-030000000032', 'Bravo', 18),
    ('a0b6ae50-7b70-4a3c-a73b-080000000050', 'Cascade 13 Hub 1', '16d8584c-17bf-4bcf-b2c2-070000000033', 'dc8db6ee-6b0d-4ad7-ab00-030000000033', 'Charlie', 15),
    ('1b5c132b-a160-4bf8-a7f5-080000000051', 'Delta 14 Hub 1', '64532c6d-a3fb-41f7-bba0-070000000034', 'ebef9244-ab09-4754-acef-030000000034', 'Delta', 9),
    ('f636ca1c-a65c-4f8f-ab5b-080000000052', 'Ember 15 Hub 1', '5a744bf6-2223-4a3e-a3a5-070000000035', '1052dac6-41a3-47bb-bc1a-030000000035', 'Echo', 17),
    ('7cf12c5d-2c23-433e-b1a6-080000000053', 'Frontier 16 Hub 1', 'e7f32cba-de8d-43ae-b640-070000000036', 'e2886829-bc09-4741-a104-030000000036', 'Foxtrot', 15),
    ('3958626e-a3e3-467f-bc8a-080000000054', 'Guardian 17 Hub 1', 'e2d40f21-5bb6-45fd-870f-070000000037', '2b48c30c-b679-497e-84e7-030000000037', 'Alpha', 12),
    ('72cff023-c18a-47b0-8392-080000000055', 'Harbor 18 Hub 1', '0ba17419-b102-44d3-bb42-070000000038', 'ad738fe8-47a8-4d1b-8f15-030000000038', 'Bravo', 21)
;

-- Servers (hardware inventory per site)
INSERT INTO Server (ServerID, SiteID, ServerName, ServerBrand, ServerSerialNr, ServerOS, PatchLevel, VirtualPlatform, VirtualVersion, HighAvailability) VALUES
    ('2fba4c90-c0fd-4663-9b71-090000000001', '9356ae01-fce4-4d24-84ca-080000000001', 'SRV-100', 'Lenovo', 'LE-001', 'Windows Server 2022', '2025.01', 'vSphere', '8.0', TRUE),
    ('ad07c2a4-5d3b-4afa-ac20-090000000002', '7e723334-3ac1-454c-8e6d-080000000002', 'SRV-101', 'Dell', 'DE-002', 'Ubuntu 24.04 LTS', '2025.02', 'HyperV', '2022', FALSE),
    ('3eb925ac-763c-442d-b693-090000000003', 'c5314a99-d4d0-4939-8f0f-080000000003', 'SRV-102', 'HPE', 'HP-003', 'Red Hat Enterprise 9', '2025.03', 'BareMetal', NULL, TRUE),
    ('e41aaa0b-51f7-476b-a920-090000000004', '572031c7-2b2b-4914-b228-080000000004', 'SRV-103', 'Fujitsu', 'FU-004', 'SUSE Linux Enterprise 15', '2025.04', 'vSphere', '8.0', FALSE),
    ('aceffb9f-68a1-40f9-8187-090000000005', '7c82162b-ef58-4f14-96db-080000000005', 'SRV-104', 'Lenovo', 'LE-005', 'Windows Server 2022', '2025.05', 'HyperV', '2022', TRUE),
    ('34e1ca6d-a143-45da-885e-090000000006', '65a3be41-4d28-4276-a711-080000000006', 'SRV-105', 'Dell', 'DE-006', 'Ubuntu 24.04 LTS', '2025.06', 'BareMetal', NULL, FALSE),
    ('d1d8df1e-205b-464c-a0a8-090000000007', 'fcde8ce1-ab84-404a-8fc7-080000000007', 'SRV-106', 'HPE', 'HP-007', 'Red Hat Enterprise 9', '2025.07', 'vSphere', '8.0', TRUE),
    ('ed6a3be9-5506-40b9-b1a0-090000000008', '7b77662c-09b5-4b48-a3fd-080000000008', 'SRV-107', 'Fujitsu', 'FU-008', 'SUSE Linux Enterprise 15', '2025.08', 'HyperV', '2022', FALSE),
    ('ff1d734f-4c2c-4115-b55a-090000000009', '95ae3b4a-058a-4412-9302-080000000009', 'SRV-108', 'Lenovo', 'LE-009', 'Windows Server 2022', '2025.09', 'BareMetal', NULL, TRUE),
    ('6d7499bf-3395-42cb-b71b-090000000010', '9f40a081-9821-4962-a5d7-080000000010', 'SRV-109', 'Dell', 'DE-010', 'Ubuntu 24.04 LTS', '2025.10', 'vSphere', '8.0', FALSE),
    ('e2306f9b-e5f9-4f03-b0d1-090000000011', 'f0227786-e7a8-4612-bb1a-080000000011', 'SRV-110', 'HPE', 'HP-011', 'Red Hat Enterprise 9', '2025.11', 'HyperV', '2022', TRUE),
    ('5b939537-82bd-4af5-8f13-090000000012', '5542cc53-724f-4d4f-85fd-080000000012', 'SRV-111', 'Fujitsu', 'FU-012', 'SUSE Linux Enterprise 15', '2025.12', 'BareMetal', NULL, FALSE),
    ('81858dd5-79f1-4146-9906-090000000013', '65aec290-3c78-4380-aaa8-080000000013', 'SRV-112', 'Lenovo', 'LE-013', 'Windows Server 2022', '2025.01', 'vSphere', '8.0', TRUE),
    ('e1c53b08-cc1e-4104-9a13-090000000014', '2e4e3983-fe01-4281-b33d-080000000014', 'SRV-113', 'Dell', 'DE-014', 'Ubuntu 24.04 LTS', '2025.02', 'HyperV', '2022', FALSE),
    ('f9698e1b-24ce-4fa4-865b-090000000015', 'a474481c-e010-46ff-8b18-080000000015', 'SRV-114', 'HPE', 'HP-015', 'Red Hat Enterprise 9', '2025.03', 'BareMetal', NULL, TRUE),
    ('9a328491-d7aa-4cc5-9696-090000000016', '59ced102-d984-47dd-823b-080000000016', 'SRV-115', 'Fujitsu', 'FU-016', 'SUSE Linux Enterprise 15', '2025.04', 'vSphere', '8.0', FALSE),
    ('66d9930e-e8c6-4b4c-9ebf-090000000017', 'a78012f5-46a9-4623-bc92-080000000017', 'SRV-116', 'Lenovo', 'LE-017', 'Windows Server 2022', '2025.05', 'HyperV', '2022', TRUE),
    ('f51f8e0e-1529-4b42-90df-090000000018', 'e76c819e-ec72-4aa4-b67a-080000000018', 'SRV-117', 'Dell', 'DE-018', 'Ubuntu 24.04 LTS', '2025.06', 'BareMetal', NULL, FALSE),
    ('bf84a8b0-7dcf-4933-9725-090000000019', 'eb06be2e-3fe7-43d7-99b2-080000000019', 'SRV-118', 'HPE', 'HP-019', 'Red Hat Enterprise 9', '2025.07', 'vSphere', '8.0', TRUE),
    ('e1d794c6-30a5-4643-ac3c-090000000020', 'be84bbb8-a994-403c-ad7f-080000000020', 'SRV-119', 'Fujitsu', 'FU-020', 'SUSE Linux Enterprise 15', '2025.08', 'HyperV', '2022', FALSE),
    ('46393888-f620-4133-86ca-090000000021', 'aa74e93e-7939-46b6-a56d-080000000021', 'SRV-120', 'Lenovo', 'LE-021', 'Windows Server 2022', '2025.09', 'BareMetal', NULL, TRUE),
    ('4765a1cd-8652-4f42-95ed-090000000022', '942f3664-f6e4-4260-8432-080000000022', 'SRV-121', 'Dell', 'DE-022', 'Ubuntu 24.04 LTS', '2025.10', 'vSphere', '8.0', FALSE),
    ('05ee1cf4-58e5-426a-b2a7-090000000023', 'c3fa62be-1106-41c5-858d-080000000023', 'SRV-122', 'HPE', 'HP-023', 'Red Hat Enterprise 9', '2025.11', 'HyperV', '2022', TRUE),
    ('f503228b-4896-4d1f-8e58-090000000024', '7db4d198-9ddb-46dd-be3f-080000000024', 'SRV-123', 'Fujitsu', 'FU-024', 'SUSE Linux Enterprise 15', '2025.12', 'BareMetal', NULL, FALSE),
    ('9849d5a4-c8f1-4f17-af8c-090000000025', '497f21ca-c4d9-4a0f-aad2-080000000025', 'SRV-124', 'Lenovo', 'LE-025', 'Windows Server 2022', '2025.01', 'vSphere', '8.0', TRUE),
    ('bf6d2282-4ea2-4128-a973-090000000026', '1434b4e1-d3b2-4e26-939d-080000000026', 'SRV-125', 'Dell', 'DE-026', 'Ubuntu 24.04 LTS', '2025.02', 'HyperV', '2022', FALSE),
    ('c7c6dd0f-e8dd-477d-b07b-090000000027', 'c332e001-d195-4049-b558-080000000027', 'SRV-126', 'HPE', 'HP-027', 'Red Hat Enterprise 9', '2025.03', 'BareMetal', NULL, TRUE),
    ('a1176f1e-0cd6-4055-b867-090000000028', '2f7c3f72-7023-4c77-9864-080000000028', 'SRV-127', 'Fujitsu', 'FU-028', 'SUSE Linux Enterprise 15', '2025.04', 'vSphere', '8.0', FALSE)
;

-- Client workstations (operator consoles)
INSERT INTO Clients (ClientID, SiteID, ClientName, ClientBrand, ClientSerialNr, ClientOS, PatchLevel, InstallType) VALUES
    ('166830fd-808b-46d2-ba03-0A0000000001', '9356ae01-fce4-4d24-84ca-080000000001', 'Operator Console 001', 'Dell', 'DEL-0200', 'Windows 11', '2025.01', 'LOCAL'),
    ('86200d68-1345-41a5-8ddc-0A0000000002', '7e723334-3ac1-454c-8e6d-080000000002', 'Operator Console 002', 'Lenovo', 'LEN-0201', 'Windows 10', '2025.02', 'BROWSER'),
    ('f047feae-dee3-4ea9-ae79-0A0000000003', 'c5314a99-d4d0-4939-8f0f-080000000003', 'Operator Console 003', 'HP', 'HP-0202', 'Ubuntu 24.04', '2025.03', 'BROWSER'),
    ('6bf653e7-eaae-4c07-b062-0A0000000004', '572031c7-2b2b-4914-b228-080000000004', 'Operator Console 004', 'Panasonic', 'PAN-0203', 'Windows 11', '2025.04', 'LOCAL'),
    ('88795830-95d4-4be7-b831-0A0000000005', '7c82162b-ef58-4f14-96db-080000000005', 'Operator Console 005', 'Getac', 'GET-0204', 'Windows 10', '2025.05', 'BROWSER'),
    ('587c8d05-0194-4c5f-8b78-0A0000000006', '65a3be41-4d28-4276-a711-080000000006', 'Operator Console 006', 'Dell', 'DEL-0205', 'Ubuntu 24.04', '2025.06', 'BROWSER'),
    ('24a50209-bfd9-4509-bc86-0A0000000007', 'fcde8ce1-ab84-404a-8fc7-080000000007', 'Operator Console 007', 'Lenovo', 'LEN-0206', 'Windows 11', '2025.07', 'LOCAL'),
    ('4383a273-390c-4e16-9d6e-0A0000000008', '7b77662c-09b5-4b48-a3fd-080000000008', 'Operator Console 008', 'HP', 'HP-0207', 'Windows 10', '2025.08', 'BROWSER'),
    ('c28d637f-f7b4-4f73-9248-0A0000000009', '95ae3b4a-058a-4412-9302-080000000009', 'Operator Console 009', 'Panasonic', 'PAN-0208', 'Ubuntu 24.04', '2025.09', 'BROWSER'),
    ('faebd79a-6b27-4c7f-883e-0A0000000010', '9f40a081-9821-4962-a5d7-080000000010', 'Operator Console 010', 'Getac', 'GET-0209', 'Windows 11', '2025.10', 'LOCAL'),
    ('1ba96d57-e9a5-4239-b69c-0A0000000011', 'f0227786-e7a8-4612-bb1a-080000000011', 'Operator Console 011', 'Dell', 'DEL-0210', 'Windows 10', '2025.11', 'BROWSER'),
    ('f3cd0889-26cf-4710-bc84-0A0000000012', '5542cc53-724f-4d4f-85fd-080000000012', 'Operator Console 012', 'Lenovo', 'LEN-0211', 'Ubuntu 24.04', '2025.12', 'BROWSER'),
    ('3b3045f5-383d-42a6-850b-0A0000000013', '65aec290-3c78-4380-aaa8-080000000013', 'Operator Console 013', 'HP', 'HP-0212', 'Windows 11', '2025.01', 'LOCAL'),
    ('ba714810-edfd-4cb9-a2b9-0A0000000014', '2e4e3983-fe01-4281-b33d-080000000014', 'Operator Console 014', 'Panasonic', 'PAN-0213', 'Windows 10', '2025.02', 'BROWSER'),
    ('895ebd27-7950-4724-b280-0A0000000015', 'a474481c-e010-46ff-8b18-080000000015', 'Operator Console 015', 'Getac', 'GET-0214', 'Ubuntu 24.04', '2025.03', 'BROWSER'),
    ('98f26526-0131-48f5-9152-0A0000000016', '59ced102-d984-47dd-823b-080000000016', 'Operator Console 016', 'Dell', 'DEL-0215', 'Windows 11', '2025.04', 'LOCAL'),
    ('49024d1b-c1b4-4531-bf83-0A0000000017', 'a78012f5-46a9-4623-bc92-080000000017', 'Operator Console 017', 'Lenovo', 'LEN-0216', 'Windows 10', '2025.05', 'BROWSER'),
    ('3da4bc6a-b764-4a99-a022-0A0000000018', 'e76c819e-ec72-4aa4-b67a-080000000018', 'Operator Console 018', 'HP', 'HP-0217', 'Ubuntu 24.04', '2025.06', 'BROWSER'),
    ('8fa50dd5-acc0-4aaa-98e8-0A0000000019', 'eb06be2e-3fe7-43d7-99b2-080000000019', 'Operator Console 019', 'Panasonic', 'PAN-0218', 'Windows 11', '2025.07', 'LOCAL'),
    ('9ae661ca-44ff-43ae-b174-0A0000000020', 'be84bbb8-a994-403c-ad7f-080000000020', 'Operator Console 020', 'Getac', 'GET-0219', 'Windows 10', '2025.08', 'BROWSER'),
    ('802d36d6-d41d-4fcb-a12a-0A0000000021', 'aa74e93e-7939-46b6-a56d-080000000021', 'Operator Console 021', 'Dell', 'DEL-0220', 'Ubuntu 24.04', '2025.09', 'BROWSER'),
    ('ab54534a-774a-4f68-a6c9-0A0000000022', '942f3664-f6e4-4260-8432-080000000022', 'Operator Console 022', 'Lenovo', 'LEN-0221', 'Windows 11', '2025.10', 'LOCAL'),
    ('af276579-4d4b-4010-8a82-0A0000000023', 'c3fa62be-1106-41c5-858d-080000000023', 'Operator Console 023', 'HP', 'HP-0222', 'Windows 10', '2025.11', 'BROWSER'),
    ('3fd51056-8c30-4a68-a2c4-0A0000000024', '7db4d198-9ddb-46dd-be3f-080000000024', 'Operator Console 024', 'Panasonic', 'PAN-0223', 'Ubuntu 24.04', '2025.12', 'BROWSER'),
    ('71bd7290-2b7b-4dad-9fbf-0A0000000025', '497f21ca-c4d9-4a0f-aad2-080000000025', 'Operator Console 025', 'Getac', 'GET-0224', 'Windows 11', '2025.01', 'LOCAL'),
    ('c0e31f99-9366-4a8f-ad6c-0A0000000026', '1434b4e1-d3b2-4e26-939d-080000000026', 'Operator Console 026', 'Dell', 'DEL-0225', 'Windows 10', '2025.02', 'BROWSER'),
    ('edc468eb-f6ab-49be-b04a-0A0000000027', 'c332e001-d195-4049-b558-080000000027', 'Operator Console 027', 'Lenovo', 'LEN-0226', 'Ubuntu 24.04', '2025.03', 'BROWSER'),
    ('2c0bd5ca-49a0-4291-8b85-0A0000000028', '2f7c3f72-7023-4c77-9864-080000000028', 'Operator Console 028', 'HP', 'HP-0227', 'Windows 11', '2025.04', 'LOCAL'),
    ('90ea7217-6cd8-47a1-b363-0A0000000029', 'b76a3f2d-2b0a-44a9-b711-080000000029', 'Operator Console 029', 'Panasonic', 'PAN-0228', 'Windows 10', '2025.05', 'BROWSER'),
    ('69db60a0-8ee9-4851-ad4b-0A0000000030', 'bb016efc-0902-41cc-88fb-080000000030', 'Operator Console 030', 'Getac', 'GET-0229', 'Ubuntu 24.04', '2025.06', 'BROWSER'),
    ('014f8d70-5d10-4a60-aa6b-0A0000000031', 'ebdc917c-2c9d-409b-a942-080000000031', 'Operator Console 031', 'Dell', 'DEL-0230', 'Windows 11', '2025.07', 'LOCAL'),
    ('370a9310-6e00-401b-ae57-0A0000000032', '4c0b8185-e61a-4e6f-be92-080000000032', 'Operator Console 032', 'Lenovo', 'LEN-0231', 'Windows 10', '2025.08', 'BROWSER'),
    ('905ef300-cbcc-42d0-9b6f-0A0000000033', '60c209e7-221d-4af6-bb8f-080000000033', 'Operator Console 033', 'HP', 'HP-0232', 'Ubuntu 24.04', '2025.09', 'BROWSER'),
    ('7b0247dc-48c4-4f23-a68c-0A0000000034', '7a506f6a-5af7-4635-9a3f-080000000034', 'Operator Console 034', 'Panasonic', 'PAN-0233', 'Windows 11', '2025.10', 'LOCAL'),
    ('bbbb4696-d8e7-4e84-9797-0A0000000035', '32a10043-9f50-437b-9809-080000000035', 'Operator Console 035', 'Getac', 'GET-0234', 'Windows 10', '2025.11', 'BROWSER'),
    ('77d1410d-65b8-4667-912e-0A0000000036', 'f258cf7c-eb27-4f72-9ab2-080000000036', 'Operator Console 036', 'Dell', 'DEL-0235', 'Ubuntu 24.04', '2025.12', 'BROWSER'),
    ('ed7aa74a-638a-47f7-8f90-0A0000000037', '354edfc0-7dea-4493-9321-080000000037', 'Operator Console 037', 'Lenovo', 'LEN-0236', 'Windows 11', '2025.01', 'LOCAL'),
    ('f26b5500-6c46-47c0-991e-0A0000000038', 'd9944e19-042c-42f5-bace-080000000038', 'Operator Console 038', 'HP', 'HP-0237', 'Windows 10', '2025.02', 'BROWSER'),
    ('209a6212-de55-43b5-b9cb-0A0000000039', '96b9ac38-9946-43c6-aa82-080000000039', 'Operator Console 039', 'Panasonic', 'PAN-0238', 'Ubuntu 24.04', '2025.03', 'BROWSER'),
    ('18e5eb0c-8990-4ab8-8058-0A0000000040', '7a599a02-b111-4961-b2e7-080000000040', 'Operator Console 040', 'Getac', 'GET-0239', 'Windows 11', '2025.04', 'LOCAL')
;

-- Radios (site-assigned devices and modes)
INSERT INTO Radio (RadioID, SiteID, AssignedClientID, RadioBrand, RadioSerialNr, Mode, DigitalStandard) VALUES
    ('35993a79-bb85-450a-b9df-0B0000000001', '9356ae01-fce4-4d24-84ca-080000000001', '166830fd-808b-46d2-ba03-0A0000000001', 'Motorola', 'RD-0300', 'Analog', 'Motorola'),
    ('4cb763dc-529d-45eb-a42b-0B0000000002', '7e723334-3ac1-454c-8e6d-080000000002', NULL, 'Airbus', 'RD-0301', 'Digital', 'Airbus'),
    ('39ac3788-d983-45af-aecb-0B0000000003', 'c5314a99-d4d0-4939-8f0f-080000000003', 'f047feae-dee3-4ea9-ae79-0A0000000003', 'Kenwood', 'RD-0302', 'Digital', 'P25'),
    ('7bb7c748-02f6-4904-b4e5-0B0000000004', '572031c7-2b2b-4914-b228-080000000004', NULL, 'Hytera', 'RD-0303', 'Analog', 'Tetra'),
    ('af7cef23-12ef-457a-bb79-0B0000000005', '7c82162b-ef58-4f14-96db-080000000005', '88795830-95d4-4be7-b831-0A0000000005', 'Motorola', 'RD-0304', 'Digital', NULL),
    ('db003729-c789-439c-b9a3-0B0000000006', '65a3be41-4d28-4276-a711-080000000006', NULL, 'Airbus', 'RD-0305', 'Digital', 'Motorola'),
    ('1d340d54-7af5-4b31-b690-0B0000000007', 'fcde8ce1-ab84-404a-8fc7-080000000007', '24a50209-bfd9-4509-bc86-0A0000000007', 'Kenwood', 'RD-0306', 'Analog', 'Airbus'),
    ('188ed049-4995-443c-b5d2-0B0000000008', '7b77662c-09b5-4b48-a3fd-080000000008', NULL, 'Hytera', 'RD-0307', 'Digital', 'P25'),
    ('10e93660-cff0-4e8d-99c8-0B0000000009', '95ae3b4a-058a-4412-9302-080000000009', 'c28d637f-f7b4-4f73-9248-0A0000000009', 'Motorola', 'RD-0308', 'Digital', 'Tetra'),
    ('e5ca389a-4f27-4b0f-bd97-0B0000000010', '9f40a081-9821-4962-a5d7-080000000010', NULL, 'Airbus', 'RD-0309', 'Analog', NULL),
    ('c41b0636-3b62-4f52-8725-0B0000000011', 'f0227786-e7a8-4612-bb1a-080000000011', '1ba96d57-e9a5-4239-b69c-0A0000000011', 'Kenwood', 'RD-0310', 'Digital', 'Motorola'),
    ('2d771fd0-9bcc-41dd-98d0-0B0000000012', '5542cc53-724f-4d4f-85fd-080000000012', NULL, 'Hytera', 'RD-0311', 'Digital', 'Airbus'),
    ('67454060-cd65-44e4-9753-0B0000000013', '65aec290-3c78-4380-aaa8-080000000013', '3b3045f5-383d-42a6-850b-0A0000000013', 'Motorola', 'RD-0312', 'Analog', 'P25'),
    ('61c00979-ea25-4389-8d1e-0B0000000014', '2e4e3983-fe01-4281-b33d-080000000014', NULL, 'Airbus', 'RD-0313', 'Digital', 'Tetra'),
    ('51338123-3c50-4024-8c60-0B0000000015', 'a474481c-e010-46ff-8b18-080000000015', '895ebd27-7950-4724-b280-0A0000000015', 'Kenwood', 'RD-0314', 'Digital', NULL),
    ('6d9c55e6-cc79-41ea-a696-0B0000000016', '59ced102-d984-47dd-823b-080000000016', NULL, 'Hytera', 'RD-0315', 'Analog', 'Motorola'),
    ('d9d63fa3-fb99-4385-95f2-0B0000000017', 'a78012f5-46a9-4623-bc92-080000000017', '49024d1b-c1b4-4531-bf83-0A0000000017', 'Motorola', 'RD-0316', 'Digital', 'Airbus'),
    ('429e50e0-ca17-4752-8b53-0B0000000018', 'e76c819e-ec72-4aa4-b67a-080000000018', NULL, 'Airbus', 'RD-0317', 'Digital', 'P25')
;

-- Audio devices (client peripherals)
INSERT INTO AudioDevice (AudioDeviceID, ClientID, AudioDeviceBrand, DeviceSerialNr, AudioDeviceFirmware, DeviceType) VALUES
    ('5e2b8c37-a733-41ff-b002-0C0000000001', '166830fd-808b-46d2-ba03-0A0000000001', 'Jabra', 'AD-0400', '1.0.5', 'HEADSET'),
    ('bb775b74-c428-4292-970c-0C0000000002', '86200d68-1345-41a5-8ddc-0A0000000002', 'Bose', 'AD-0401', '2.1.3', 'SPEAKER'),
    ('8b84192c-713e-4bff-94c0-0C0000000003', 'f047feae-dee3-4ea9-ae79-0A0000000003', 'Poly', 'AD-0402', '3.0.1', 'MIC'),
    ('034cc8a4-466a-41f7-8daa-0C0000000004', '6bf653e7-eaae-4c07-b062-0A0000000004', 'Sennheiser', 'AD-0403', '4.2.0', 'HEADSET'),
    ('834a3a8b-4bdb-459d-af15-0C0000000005', '88795830-95d4-4be7-b831-0A0000000005', 'Logitech', 'AD-0404', '1.0.5', 'SPEAKER'),
    ('8cda7d59-b796-4b8c-bf90-0C0000000006', '587c8d05-0194-4c5f-8b78-0A0000000006', 'Jabra', 'AD-0405', '2.1.3', 'MIC'),
    ('8003bfcb-739d-491e-9904-0C0000000007', '24a50209-bfd9-4509-bc86-0A0000000007', 'Bose', 'AD-0406', '3.0.1', 'HEADSET'),
    ('991a1aae-75cf-4e34-8c2a-0C0000000008', '4383a273-390c-4e16-9d6e-0A0000000008', 'Poly', 'AD-0407', '4.2.0', 'SPEAKER'),
    ('0b31c98d-db2e-4c29-9ce2-0C0000000009', 'c28d637f-f7b4-4f73-9248-0A0000000009', 'Sennheiser', 'AD-0408', '1.0.5', 'MIC'),
    ('877c15ca-c496-4313-9cd3-0C0000000010', 'faebd79a-6b27-4c7f-883e-0A0000000010', 'Logitech', 'AD-0409', '2.1.3', 'HEADSET'),
    ('d1411ddb-d4fc-4558-bc48-0C0000000011', '1ba96d57-e9a5-4239-b69c-0A0000000011', 'Jabra', 'AD-0410', '3.0.1', 'SPEAKER'),
    ('973e9ded-701e-4025-b31e-0C0000000012', 'f3cd0889-26cf-4710-bc84-0A0000000012', 'Bose', 'AD-0411', '4.2.0', 'MIC'),
    ('5089ecb1-e688-464a-adbe-0C0000000013', '3b3045f5-383d-42a6-850b-0A0000000013', 'Poly', 'AD-0412', '1.0.5', 'HEADSET'),
    ('1787b3b9-b316-4aee-9072-0C0000000014', 'ba714810-edfd-4cb9-a2b9-0A0000000014', 'Sennheiser', 'AD-0413', '2.1.3', 'SPEAKER'),
    ('ea376ca6-9ef9-4dc5-a58c-0C0000000015', '895ebd27-7950-4724-b280-0A0000000015', 'Logitech', 'AD-0414', '3.0.1', 'MIC'),
    ('8807a124-8362-4759-88eb-0C0000000016', '98f26526-0131-48f5-9152-0A0000000016', 'Jabra', 'AD-0415', '4.2.0', 'HEADSET'),
    ('0d29e33f-95ef-4029-8d22-0C0000000017', '49024d1b-c1b4-4531-bf83-0A0000000017', 'Bose', 'AD-0416', '1.0.5', 'SPEAKER'),
    ('7c59d5ef-736f-479f-a36e-0C0000000018', '3da4bc6a-b764-4a99-a022-0A0000000018', 'Poly', 'AD-0417', '2.1.3', 'MIC'),
    ('aae38648-92e5-4a82-a3c9-0C0000000019', '8fa50dd5-acc0-4aaa-98e8-0A0000000019', 'Sennheiser', 'AD-0418', '3.0.1', 'HEADSET'),
    ('24c03010-73e2-4d91-99e1-0C0000000020', '9ae661ca-44ff-43ae-b174-0A0000000020', 'Logitech', 'AD-0419', '4.2.0', 'SPEAKER'),
    ('c3a0b18a-aec9-4456-933b-0C0000000021', '802d36d6-d41d-4fcb-a12a-0A0000000021', 'Jabra', 'AD-0420', '1.0.5', 'MIC'),
    ('fb219732-a230-496c-9981-0C0000000022', 'ab54534a-774a-4f68-a6c9-0A0000000022', 'Bose', 'AD-0421', '2.1.3', 'HEADSET'),
    ('dd2f15c1-e42a-47da-8df7-0C0000000023', 'af276579-4d4b-4010-8a82-0A0000000023', 'Poly', 'AD-0422', '3.0.1', 'SPEAKER'),
    ('13a8fae0-318e-4960-b4d9-0C0000000024', '3fd51056-8c30-4a68-a2c4-0A0000000024', 'Sennheiser', 'AD-0423', '4.2.0', 'MIC'),
    ('d1f8a940-1869-42c4-b7bd-0C0000000025', '71bd7290-2b7b-4dad-9fbf-0A0000000025', 'Logitech', 'AD-0424', '1.0.5', 'HEADSET'),
    ('c34aad81-07a6-4d5c-b8c0-0C0000000026', 'c0e31f99-9366-4a8f-ad6c-0A0000000026', 'Jabra', 'AD-0425', '2.1.3', 'SPEAKER'),
    ('1d38ea68-1e4a-4c2e-988f-0C0000000027', 'edc468eb-f6ab-49be-b04a-0A0000000027', 'Bose', 'AD-0426', '3.0.1', 'MIC'),
    ('47363327-98c3-494d-b5dc-0C0000000028', '2c0bd5ca-49a0-4291-8b85-0A0000000028', 'Poly', 'AD-0427', '4.2.0', 'HEADSET'),
    ('ec853e56-7410-455a-b506-0C0000000029', '90ea7217-6cd8-47a1-b363-0A0000000029', 'Sennheiser', 'AD-0428', '1.0.5', 'SPEAKER'),
    ('f3cb75f9-c4db-4369-ab63-0C0000000030', '69db60a0-8ee9-4851-ad4b-0A0000000030', 'Logitech', 'AD-0429', '2.1.3', 'MIC'),
    ('30944776-98ef-410f-a2aa-0C0000000031', '014f8d70-5d10-4a60-aa6b-0A0000000031', 'Jabra', 'AD-0430', '3.0.1', 'HEADSET'),
    ('4a096145-2580-4d49-b4c3-0C0000000032', '370a9310-6e00-401b-ae57-0A0000000032', 'Bose', 'AD-0431', '4.2.0', 'SPEAKER'),
    ('448a19f4-8ea4-4689-9077-0C0000000033', '905ef300-cbcc-42d0-9b6f-0A0000000033', 'Poly', 'AD-0432', '1.0.5', 'MIC'),
    ('1fd941eb-8dc9-4253-8b4c-0C0000000034', '7b0247dc-48c4-4f23-a68c-0A0000000034', 'Sennheiser', 'AD-0433', '2.1.3', 'HEADSET'),
    ('c9913037-49f3-480e-babc-0C0000000035', 'bbbb4696-d8e7-4e84-9797-0A0000000035', 'Logitech', 'AD-0434', '3.0.1', 'SPEAKER'),
    ('9b8c5fe8-c6d1-4add-b5c7-0C0000000036', '77d1410d-65b8-4667-912e-0A0000000036', 'Jabra', 'AD-0435', '4.2.0', 'MIC')
;

-- Phone integrations (telephony endpoints per client)
INSERT INTO PhoneIntegration (PhoneIntegrationID, ClientID, PhoneType, PhoneBrand, PhoneSerialNr, PhoneFirmware) VALUES
    ('65650bf6-8635-42e4-952b-0D0000000001', '166830fd-808b-46d2-ba03-0A0000000001', 'Emergency', 'Avaya', 'PH-0500', 'v1.0'),
    ('c822b9c9-25c1-42a8-b236-0D0000000002', '86200d68-1345-41a5-8ddc-0A0000000002', 'NonEmergency', 'Cisco', 'PH-0501', 'v2.1'),
    ('01226f43-9f96-4483-88ac-0D0000000003', 'f047feae-dee3-4ea9-ae79-0A0000000003', 'Both', 'Unify', 'PH-0502', 'v3.2'),
    ('885a6d35-df3b-497f-9c65-0D0000000004', '6bf653e7-eaae-4c07-b062-0A0000000004', 'Emergency', 'Alcatel', 'PH-0503', 'v4.3'),
    ('e4d52b56-cc2a-4c87-af66-0D0000000005', '88795830-95d4-4be7-b831-0A0000000005', 'NonEmergency', 'Mitel', 'PH-0504', 'v1.4'),
    ('e3f6e6bf-7774-40e1-bf26-0D0000000006', '587c8d05-0194-4c5f-8b78-0A0000000006', 'Both', 'Avaya', 'PH-0505', 'v2.5'),
    ('52d5dcba-72e3-4651-9a2c-0D0000000007', '24a50209-bfd9-4509-bc86-0A0000000007', 'Emergency', 'Cisco', 'PH-0506', 'v3.6'),
    ('a01bef2a-603e-4da9-bd7e-0D0000000008', '4383a273-390c-4e16-9d6e-0A0000000008', 'NonEmergency', 'Unify', 'PH-0507', 'v4.7'),
    ('2b8b4e9c-0cb0-405e-863b-0D0000000009', 'c28d637f-f7b4-4f73-9248-0A0000000009', 'Both', 'Alcatel', 'PH-0508', 'v1.8'),
    ('c02791b6-4364-4b03-a244-0D0000000010', 'faebd79a-6b27-4c7f-883e-0A0000000010', 'Emergency', 'Mitel', 'PH-0509', 'v2.9'),
    ('cfc5f398-85c9-4194-a42e-0D0000000011', '1ba96d57-e9a5-4239-b69c-0A0000000011', 'NonEmergency', 'Avaya', 'PH-0510', 'v3.0'),
    ('320fa169-a5c0-4ec4-bf71-0D0000000012', 'f3cd0889-26cf-4710-bc84-0A0000000012', 'Both', 'Cisco', 'PH-0511', 'v4.1'),
    ('184a5312-08fa-4d06-884f-0D0000000013', '3b3045f5-383d-42a6-850b-0A0000000013', 'Emergency', 'Unify', 'PH-0512', 'v1.2'),
    ('90866ffb-645f-40fa-974e-0D0000000014', 'ba714810-edfd-4cb9-a2b9-0A0000000014', 'NonEmergency', 'Alcatel', 'PH-0513', 'v2.3'),
    ('24743506-e452-410a-b690-0D0000000015', '895ebd27-7950-4724-b280-0A0000000015', 'Both', 'Mitel', 'PH-0514', 'v3.4'),
    ('c95ad6d9-2f49-4018-9f4f-0D0000000016', '98f26526-0131-48f5-9152-0A0000000016', 'Emergency', 'Avaya', 'PH-0515', 'v4.5'),
    ('5f700b13-5be6-47b4-8d91-0D0000000017', '49024d1b-c1b4-4531-bf83-0A0000000017', 'NonEmergency', 'Cisco', 'PH-0516', 'v1.6'),
    ('91f3dffb-86df-4fb0-bb95-0D0000000018', '3da4bc6a-b764-4a99-a022-0A0000000018', 'Both', 'Unify', 'PH-0517', 'v2.7'),
    ('033ac93c-0ab3-4274-8681-0D0000000019', '8fa50dd5-acc0-4aaa-98e8-0A0000000019', 'Emergency', 'Alcatel', 'PH-0518', 'v3.8'),
    ('ffcba82e-e978-4cea-bf71-0D0000000020', '9ae661ca-44ff-43ae-b174-0A0000000020', 'NonEmergency', 'Mitel', 'PH-0519', 'v4.9'),
    ('1428bbb0-cc78-4095-bc97-0D0000000021', '802d36d6-d41d-4fcb-a12a-0A0000000021', 'Both', 'Avaya', 'PH-0520', 'v1.0'),
    ('f1c634b9-70e7-45b0-b6a3-0D0000000022', 'ab54534a-774a-4f68-a6c9-0A0000000022', 'Emergency', 'Cisco', 'PH-0521', 'v2.1'),
    ('ecdbba79-3125-46bc-bacc-0D0000000023', 'af276579-4d4b-4010-8a82-0A0000000023', 'NonEmergency', 'Unify', 'PH-0522', 'v3.2'),
    ('d6f6e959-edd4-44ae-97c8-0D0000000024', '3fd51056-8c30-4a68-a2c4-0A0000000024', 'Both', 'Alcatel', 'PH-0523', 'v4.3'),
    ('89ba3fc1-8fa5-442c-a57c-0D0000000025', '71bd7290-2b7b-4dad-9fbf-0A0000000025', 'Emergency', 'Mitel', 'PH-0524', 'v1.4'),
    ('80dc1e2a-4c3f-4227-a89d-0D0000000026', 'c0e31f99-9366-4a8f-ad6c-0A0000000026', 'NonEmergency', 'Avaya', 'PH-0525', 'v2.5'),
    ('81875994-5f73-43a6-bdeb-0D0000000027', 'edc468eb-f6ab-49be-b04a-0A0000000027', 'Both', 'Cisco', 'PH-0526', 'v3.6'),
    ('ad3637db-6783-4291-987b-0D0000000028', '2c0bd5ca-49a0-4291-8b85-0A0000000028', 'Emergency', 'Unify', 'PH-0527', 'v4.7'),
    ('db5c9e47-9613-4374-8207-0D0000000029', '90ea7217-6cd8-47a1-b363-0A0000000029', 'NonEmergency', 'Alcatel', 'PH-0528', 'v1.8'),
    ('00512a55-9e03-4989-80ce-0D0000000030', '69db60a0-8ee9-4851-ad4b-0A0000000030', 'Both', 'Mitel', 'PH-0529', 'v2.9'),
    ('b992dba9-4f53-4c99-93d8-0D0000000031', '014f8d70-5d10-4a60-aa6b-0A0000000031', 'Emergency', 'Avaya', 'PH-0530', 'v3.0'),
    ('8475e87f-4869-4723-a6be-0D0000000032', '370a9310-6e00-401b-ae57-0A0000000032', 'NonEmergency', 'Cisco', 'PH-0531', 'v4.1')
;

-- Installed software (site-to-software assignments)
INSERT INTO InstalledSoftware (InstalledSoftwareID, SiteID, SoftwareID, Status, OfferedDate, InstalledDate, RejectedDate, OutdatedDate)
    VALUES
    ('dce80e4f-2783-422f-9ce5-0E0000000001', '9356ae01-fce4-4d24-84ca-080000000001', '4da74a93-b659-4247-a8eb-060000000001', 'Installed', DATEADD('DAY', -40, CURRENT_DATE), DATEADD('DAY', -5, CURRENT_DATE), NULL, NULL),
    ('9492e833-ee47-4666-a492-0E0000000002', '7e723334-3ac1-454c-8e6d-080000000002', 'c1b43cf4-e63e-46c3-b938-060000000002', 'Outdated', DATEADD('DAY', -60, CURRENT_DATE), DATEADD('DAY', -50, CURRENT_DATE), NULL, DATEADD('DAY', -5, CURRENT_DATE)),
    ('d8cd4d61-3c92-4334-b894-0E0000000003', 'c5314a99-d4d0-4939-8f0f-080000000003', 'ee8deef4-f74f-450f-a6aa-060000000003', 'Rejected', DATEADD('DAY', -20, CURRENT_DATE), NULL, DATEADD('DAY', -15, CURRENT_DATE), NULL),
    ('21fd83c3-5d80-4de2-a6f8-0E0000000004', '572031c7-2b2b-4914-b228-080000000004', 'fed6149a-d95f-42fd-b6c7-060000000004', 'Installed', DATEADD('DAY', -40, CURRENT_DATE), DATEADD('DAY', -5, CURRENT_DATE), NULL, NULL),
    ('1235e2b1-a036-4541-968c-0E0000000005', '7c82162b-ef58-4f14-96db-080000000005', '3b484b1d-f8e2-44ca-81a5-060000000005', 'Offered', DATEADD('DAY', -10, CURRENT_DATE), NULL, NULL, NULL),
    ('dde1a320-a0c4-4f54-9931-0E0000000006', '65a3be41-4d28-4276-a711-080000000006', '13e636a8-bea2-4ec3-89da-060000000006', 'Rejected', DATEADD('DAY', -20, CURRENT_DATE), NULL, DATEADD('DAY', -15, CURRENT_DATE), NULL),
    ('831adfed-e4ed-4895-bcb9-0E0000000007', 'fcde8ce1-ab84-404a-8fc7-080000000007', '5ef88261-c149-4f8b-9252-060000000007', 'Installed', DATEADD('DAY', -40, CURRENT_DATE), DATEADD('DAY', -5, CURRENT_DATE), NULL, NULL),
    ('f5c8a2fd-3d5b-4af9-93c7-0E0000000008', '7b77662c-09b5-4b48-a3fd-080000000008', '7eb2372a-4947-47de-b690-060000000008', 'Offered', DATEADD('DAY', -10, CURRENT_DATE), NULL, NULL, NULL),
    ('df44f659-2ba1-4c0f-9067-0E0000000009', '95ae3b4a-058a-4412-9302-080000000009', 'ca80bbb5-c8f9-4c71-b571-060000000009', 'Rejected', DATEADD('DAY', -20, CURRENT_DATE), NULL, DATEADD('DAY', -15, CURRENT_DATE), NULL),
    ('ab55421f-8e42-4b5a-ab09-0E0000000010', '9f40a081-9821-4962-a5d7-080000000010', '1a213527-9b68-4c7c-892a-060000000010', 'Installed', DATEADD('DAY', -40, CURRENT_DATE), DATEADD('DAY', -5, CURRENT_DATE), NULL, NULL),
    ('089e466b-f385-48b8-849e-0E0000000011', 'f0227786-e7a8-4612-bb1a-080000000011', '005485d3-eecc-4b21-ab38-060000000011', 'Offered', DATEADD('DAY', -10, CURRENT_DATE), NULL, NULL, NULL),
    ('846da34e-2c8f-40e2-8337-0E0000000012', '5542cc53-724f-4d4f-85fd-080000000012', '94c37f57-9782-4842-80d1-060000000012', 'Rejected', DATEADD('DAY', -20, CURRENT_DATE), NULL, DATEADD('DAY', -15, CURRENT_DATE), NULL),
    ('24febc1b-6e76-4977-8c32-0E0000000013', '65aec290-3c78-4380-aaa8-080000000013', '4da74a93-b659-4247-a8eb-060000000001', 'Installed', DATEADD('DAY', -40, CURRENT_DATE), DATEADD('DAY', -5, CURRENT_DATE), NULL, NULL),
    ('18234730-cb45-4f1f-aead-0E0000000014', '2e4e3983-fe01-4281-b33d-080000000014', 'c1b43cf4-e63e-46c3-b938-060000000002', 'Offered', DATEADD('DAY', -10, CURRENT_DATE), NULL, NULL, NULL),
    ('d192f521-3700-4dfb-ac76-0E0000000015', 'a474481c-e010-46ff-8b18-080000000015', 'ee8deef4-f74f-450f-a6aa-060000000003', 'Rejected', DATEADD('DAY', -20, CURRENT_DATE), NULL, DATEADD('DAY', -15, CURRENT_DATE), NULL),
    ('8007e171-3f4d-43bd-93b8-0E0000000016', '59ced102-d984-47dd-823b-080000000016', 'fed6149a-d95f-42fd-b6c7-060000000004', 'Installed', DATEADD('DAY', -40, CURRENT_DATE), DATEADD('DAY', -5, CURRENT_DATE), NULL, NULL),
    ('4efd516e-fe9e-4107-aa1a-0E0000000017', 'a78012f5-46a9-4623-bc92-080000000017', '3b484b1d-f8e2-44ca-81a5-060000000005', 'Offered', DATEADD('DAY', -10, CURRENT_DATE), NULL, NULL, NULL),
    ('12a18530-d227-4cbe-bc52-0E0000000018', 'e76c819e-ec72-4aa4-b67a-080000000018', '13e636a8-bea2-4ec3-89da-060000000006', 'Rejected', DATEADD('DAY', -20, CURRENT_DATE), NULL, DATEADD('DAY', -15, CURRENT_DATE), NULL),
    ('6ccfd4bc-7494-4286-8b0e-0E0000000019', 'eb06be2e-3fe7-43d7-99b2-080000000019', '5ef88261-c149-4f8b-9252-060000000007', 'Installed', DATEADD('DAY', -40, CURRENT_DATE), DATEADD('DAY', -5, CURRENT_DATE), NULL, NULL),
    ('ba3f616f-46cf-485a-b638-0E0000000020', 'be84bbb8-a994-403c-ad7f-080000000020', '7eb2372a-4947-47de-b690-060000000008', 'Offered', DATEADD('DAY', -10, CURRENT_DATE), NULL, NULL, NULL),
    ('6d22f23f-4618-4e51-853d-0E0000000021', 'aa74e93e-7939-46b6-a56d-080000000021', 'ca80bbb5-c8f9-4c71-b571-060000000009', 'Rejected', DATEADD('DAY', -20, CURRENT_DATE), NULL, DATEADD('DAY', -15, CURRENT_DATE), NULL),
    ('59d9d402-eeac-4532-ab45-0E0000000022', '942f3664-f6e4-4260-8432-080000000022', '1a213527-9b68-4c7c-892a-060000000010', 'Installed', DATEADD('DAY', -40, CURRENT_DATE), DATEADD('DAY', -5, CURRENT_DATE), NULL, NULL),
    ('7017096e-5c59-46b2-b0f2-0E0000000023', 'c3fa62be-1106-41c5-858d-080000000023', '005485d3-eecc-4b21-ab38-060000000011', 'Offered', DATEADD('DAY', -10, CURRENT_DATE), NULL, NULL, NULL),
    ('4b50de17-bd73-4ba9-adfc-0E0000000024', '7db4d198-9ddb-46dd-be3f-080000000024', '94c37f57-9782-4842-80d1-060000000012', 'Rejected', DATEADD('DAY', -20, CURRENT_DATE), NULL, DATEADD('DAY', -15, CURRENT_DATE), NULL),
    ('377ec911-0051-4659-805e-0E0000000025', '497f21ca-c4d9-4a0f-aad2-080000000025', '4da74a93-b659-4247-a8eb-060000000001', 'Installed', DATEADD('DAY', -40, CURRENT_DATE), DATEADD('DAY', -5, CURRENT_DATE), NULL, NULL),
    ('4b6b1418-4303-4e75-b1de-0E0000000026', '1434b4e1-d3b2-4e26-939d-080000000026', 'c1b43cf4-e63e-46c3-b938-060000000002', 'Offered', DATEADD('DAY', -10, CURRENT_DATE), NULL, NULL, NULL),
    ('238c5413-e29e-420d-917d-0E0000000027', 'c332e001-d195-4049-b558-080000000027', 'ee8deef4-f74f-450f-a6aa-060000000003', 'Rejected', DATEADD('DAY', -20, CURRENT_DATE), NULL, DATEADD('DAY', -15, CURRENT_DATE), NULL),
    ('3d2e659a-0690-4f99-bb13-0E0000000028', '2f7c3f72-7023-4c77-9864-080000000028', 'fed6149a-d95f-42fd-b6c7-060000000004', 'Installed', DATEADD('DAY', -40, CURRENT_DATE), DATEADD('DAY', -5, CURRENT_DATE), NULL, NULL),
    ('264a83e4-2710-4bed-a232-0E0000000029', 'b76a3f2d-2b0a-44a9-b711-080000000029', '3b484b1d-f8e2-44ca-81a5-060000000005', 'Offered', DATEADD('DAY', -10, CURRENT_DATE), NULL, NULL, NULL),
    ('2fe92d3f-bf0b-410d-a4e3-0E0000000030', 'bb016efc-0902-41cc-88fb-080000000030', '13e636a8-bea2-4ec3-89da-060000000006', 'Rejected', DATEADD('DAY', -20, CURRENT_DATE), NULL, DATEADD('DAY', -15, CURRENT_DATE), NULL),
    ('c0f7a51d-08bd-40b1-a627-0E0000000031', 'ebdc917c-2c9d-409b-a942-080000000031', '5ef88261-c149-4f8b-9252-060000000007', 'Installed', DATEADD('DAY', -40, CURRENT_DATE), DATEADD('DAY', -5, CURRENT_DATE), NULL, NULL),
    ('8c471f5c-d9aa-4c64-bb42-0E0000000032', '4c0b8185-e61a-4e6f-be92-080000000032', '7eb2372a-4947-47de-b690-060000000008', 'Offered', DATEADD('DAY', -10, CURRENT_DATE), NULL, NULL, NULL),
    ('431253f9-7c2a-46b2-bd94-0E0000000033', '60c209e7-221d-4af6-bb8f-080000000033', 'ca80bbb5-c8f9-4c71-b571-060000000009', 'Rejected', DATEADD('DAY', -20, CURRENT_DATE), NULL, DATEADD('DAY', -15, CURRENT_DATE), NULL),
    ('ace7944a-5954-4770-b6ff-0E0000000034', '7a506f6a-5af7-4635-9a3f-080000000034', '1a213527-9b68-4c7c-892a-060000000010', 'Installed', DATEADD('DAY', -40, CURRENT_DATE), DATEADD('DAY', -5, CURRENT_DATE), NULL, NULL),
    ('d03d04c6-689b-41ea-8ca3-0E0000000035', '32a10043-9f50-437b-9809-080000000035', '005485d3-eecc-4b21-ab38-060000000011', 'Offered', DATEADD('DAY', -10, CURRENT_DATE), NULL, NULL, NULL),
    ('c26f6f26-f1f4-4984-9bc9-0E0000000036', 'f258cf7c-eb27-4f72-9ab2-080000000036', '94c37f57-9782-4842-80d1-060000000012', 'Rejected', DATEADD('DAY', -20, CURRENT_DATE), NULL, DATEADD('DAY', -15, CURRENT_DATE), NULL),
    ('a2004ab7-7c5e-404e-9d90-0E0000000037', '354edfc0-7dea-4493-9321-080000000037', '4da74a93-b659-4247-a8eb-060000000001', 'Installed', DATEADD('DAY', -40, CURRENT_DATE), DATEADD('DAY', -5, CURRENT_DATE), NULL, NULL),
    ('1ab13a38-757b-48b5-966b-0E0000000038', 'd9944e19-042c-42f5-bace-080000000038', 'c1b43cf4-e63e-46c3-b938-060000000002', 'Offered', DATEADD('DAY', -10, CURRENT_DATE), NULL, NULL, NULL),
    ('c7f83956-3b75-4683-856f-0E0000000039', '96b9ac38-9946-43c6-aa82-080000000039', 'ee8deef4-f74f-450f-a6aa-060000000003', 'Rejected', DATEADD('DAY', -20, CURRENT_DATE), NULL, DATEADD('DAY', -15, CURRENT_DATE), NULL),
    ('238c64f9-d6c9-4289-b781-0E0000000040', '7a599a02-b111-4961-b2e7-080000000040', 'fed6149a-d95f-42fd-b6c7-060000000004', 'Installed', DATEADD('DAY', -40, CURRENT_DATE), DATEADD('DAY', -5, CURRENT_DATE), NULL, NULL),
    ('2627f803-dd0b-4871-9b0f-0E0000000041', '946349f4-5d9d-424b-b251-080000000041', '3b484b1d-f8e2-44ca-81a5-060000000005', 'Offered', DATEADD('DAY', -10, CURRENT_DATE), NULL, NULL, NULL),
    ('392e5979-7379-4eda-bbe0-0E0000000042', 'e2adc1d4-fb8f-4de6-9328-080000000042', '13e636a8-bea2-4ec3-89da-060000000006', 'Rejected', DATEADD('DAY', -20, CURRENT_DATE), NULL, DATEADD('DAY', -15, CURRENT_DATE), NULL),
    ('8fa5aab4-987b-492d-9987-0E0000000043', 'cd33ae58-e955-4508-9d32-080000000043', '5ef88261-c149-4f8b-9252-060000000007', 'Installed', DATEADD('DAY', -40, CURRENT_DATE), DATEADD('DAY', -5, CURRENT_DATE), NULL, NULL),
    ('f062a733-7322-4cb1-8f5e-0E0000000044', '72910968-9d5b-4b3c-9298-080000000044', '7eb2372a-4947-47de-b690-060000000008', 'Offered', DATEADD('DAY', -10, CURRENT_DATE), NULL, NULL, NULL),
    ('aa8d4c88-b7cf-4b64-96fb-0E0000000045', '91ca8b42-39ee-486c-b022-080000000045', 'ca80bbb5-c8f9-4c71-b571-060000000009', 'Rejected', DATEADD('DAY', -20, CURRENT_DATE), NULL, DATEADD('DAY', -15, CURRENT_DATE), NULL),
    ('c536c8e9-67b3-4936-ac66-0E0000000046', '6ab32fd1-b99d-4c97-b753-080000000046', '1a213527-9b68-4c7c-892a-060000000010', 'Installed', DATEADD('DAY', -40, CURRENT_DATE), DATEADD('DAY', -5, CURRENT_DATE), NULL, NULL),
    ('e299148f-dc76-47fd-b071-0E0000000047', 'a89a0333-1d5d-4190-99e2-080000000047', '005485d3-eecc-4b21-ab38-060000000011', 'Offered', DATEADD('DAY', -10, CURRENT_DATE), NULL, NULL, NULL),
    ('ae74d001-51d4-49c4-9e1b-0E0000000048', 'a0204ce4-1c9f-475d-98ba-080000000048', '94c37f57-9782-4842-80d1-060000000012', 'Rejected', DATEADD('DAY', -20, CURRENT_DATE), NULL, DATEADD('DAY', -15, CURRENT_DATE), NULL),
    ('f2d62ce3-d738-4a35-a21d-0E0000000049', '3eb257cc-7f77-4040-9a3a-080000000049', '4da74a93-b659-4247-a8eb-060000000001', 'Installed', DATEADD('DAY', -40, CURRENT_DATE), DATEADD('DAY', -5, CURRENT_DATE), NULL, NULL),
    ('c692c7a9-b831-4c96-9609-0E0000000050', 'a0b6ae50-7b70-4a3c-a73b-080000000050', 'c1b43cf4-e63e-46c3-b938-060000000002', 'Offered', DATEADD('DAY', -10, CURRENT_DATE), NULL, NULL, NULL),
    ('df1b6f03-eedd-4c45-8be3-0E0000000051', '1b5c132b-a160-4bf8-a7f5-080000000051', 'ee8deef4-f74f-450f-a6aa-060000000003', 'Rejected', DATEADD('DAY', -20, CURRENT_DATE), NULL, DATEADD('DAY', -15, CURRENT_DATE), NULL),
    ('8f798f1a-0b07-4810-a073-0E0000000052', 'f636ca1c-a65c-4f8f-ab5b-080000000052', 'fed6149a-d95f-42fd-b6c7-060000000004', 'Installed', DATEADD('DAY', -40, CURRENT_DATE), DATEADD('DAY', -5, CURRENT_DATE), NULL, NULL),
    ('6298aad4-93f1-47d7-bbdc-0E0000000053', '7cf12c5d-2c23-433e-b1a6-080000000053', '3b484b1d-f8e2-44ca-81a5-060000000005', 'Offered', DATEADD('DAY', -10, CURRENT_DATE), NULL, NULL, NULL),
    ('42c2827a-418e-42b8-8b90-0E0000000054', '3958626e-a3e3-467f-bc8a-080000000054', '13e636a8-bea2-4ec3-89da-060000000006', 'Rejected', DATEADD('DAY', -20, CURRENT_DATE), NULL, DATEADD('DAY', -15, CURRENT_DATE), NULL),
    ('d8078e1a-c361-425f-a096-0E0000000055', '72cff023-c18a-47b0-8392-080000000055', '5ef88261-c149-4f8b-9252-060000000007', 'Installed', DATEADD('DAY', -40, CURRENT_DATE), DATEADD('DAY', -5, CURRENT_DATE), NULL, NULL);

-- Upgrade plans (scheduled maintenance windows)
INSERT INTO UpgradePlan (UpgradePlanID, SiteID, SoftwareID, PlannedWindowStart, PlannedWindowEnd, Status, CreatedAt, CreatedBy) VALUES
    ('1b6fe1f2-d596-4f05-b942-0F0000000001', '9356ae01-fce4-4d24-84ca-080000000001', '4da74a93-b659-4247-a8eb-060000000001', DATEADD('DAY', 14, CURRENT_DATE), DATEADD('DAY', 15, CURRENT_DATE), 'Planned', DATEADD('DAY', -30, CURRENT_DATE), 'automation'),
    ('28b41b56-701a-48ec-ac6b-0F0000000002', '7e723334-3ac1-454c-8e6d-080000000002', 'c1b43cf4-e63e-46c3-b938-060000000002', DATEADD('DAY', 16, CURRENT_DATE), DATEADD('DAY', 17, CURRENT_DATE), 'Approved', DATEADD('DAY', -33, CURRENT_DATE), 'regional-admin'),
    ('4c6adddb-a5be-4e5e-ba24-0F0000000003', 'c5314a99-d4d0-4939-8f0f-080000000003', 'ee8deef4-f74f-450f-a6aa-060000000003', DATEADD('DAY', 18, CURRENT_DATE), DATEADD('DAY', 19, CURRENT_DATE), 'InProgress', DATEADD('DAY', -36, CURRENT_DATE), 'west-team'),
    ('31ef32e9-e9b0-4885-8808-0F0000000004', '572031c7-2b2b-4914-b228-080000000004', 'fed6149a-d95f-42fd-b6c7-060000000004', DATEADD('DAY', 20, CURRENT_DATE), DATEADD('DAY', 21, CURRENT_DATE), 'Done', DATEADD('DAY', -39, CURRENT_DATE), 'north-team'),
    ('9f2e3009-5f6d-4c19-a865-0F0000000005', '7c82162b-ef58-4f14-96db-080000000005', '3b484b1d-f8e2-44ca-81a5-060000000005', DATEADD('DAY', 22, CURRENT_DATE), DATEADD('DAY', 23, CURRENT_DATE), 'Canceled', DATEADD('DAY', -42, CURRENT_DATE), 'automation'),
    ('22312a46-760e-42e8-ab53-0F0000000006', '65a3be41-4d28-4276-a711-080000000006', '13e636a8-bea2-4ec3-89da-060000000006', DATEADD('DAY', 24, CURRENT_DATE), DATEADD('DAY', 25, CURRENT_DATE), 'Planned', DATEADD('DAY', -45, CURRENT_DATE), 'regional-admin'),
    ('84f8e20d-39d9-4d62-9c25-0F0000000007', 'fcde8ce1-ab84-404a-8fc7-080000000007', '5ef88261-c149-4f8b-9252-060000000007', DATEADD('DAY', 26, CURRENT_DATE), DATEADD('DAY', 27, CURRENT_DATE), 'Approved', DATEADD('DAY', -48, CURRENT_DATE), 'west-team'),
    ('afb9886f-e12a-4716-a9a6-0F0000000008', '7b77662c-09b5-4b48-a3fd-080000000008', '7eb2372a-4947-47de-b690-060000000008', DATEADD('DAY', 28, CURRENT_DATE), DATEADD('DAY', 29, CURRENT_DATE), 'InProgress', DATEADD('DAY', -51, CURRENT_DATE), 'north-team'),
    ('0a28e38c-6e9e-463a-918a-0F0000000009', '95ae3b4a-058a-4412-9302-080000000009', 'ca80bbb5-c8f9-4c71-b571-060000000009', DATEADD('DAY', 30, CURRENT_DATE), DATEADD('DAY', 31, CURRENT_DATE), 'Done', DATEADD('DAY', -54, CURRENT_DATE), 'automation'),
    ('8dd0af62-61de-4b88-a5d9-0F0000000010', '9f40a081-9821-4962-a5d7-080000000010', '1a213527-9b68-4c7c-892a-060000000010', DATEADD('DAY', 32, CURRENT_DATE), DATEADD('DAY', 33, CURRENT_DATE), 'Canceled', DATEADD('DAY', -57, CURRENT_DATE), 'regional-admin'),
    ('2b2f002e-65f7-4f55-9907-0F0000000011', 'f0227786-e7a8-4612-bb1a-080000000011', '005485d3-eecc-4b21-ab38-060000000011', DATEADD('DAY', 34, CURRENT_DATE), DATEADD('DAY', 35, CURRENT_DATE), 'Planned', DATEADD('DAY', -60, CURRENT_DATE), 'west-team'),
    ('4f8b61f6-0355-464c-a178-0F0000000012', '5542cc53-724f-4d4f-85fd-080000000012', '94c37f57-9782-4842-80d1-060000000012', DATEADD('DAY', 36, CURRENT_DATE), DATEADD('DAY', 37, CURRENT_DATE), 'Approved', DATEADD('DAY', -63, CURRENT_DATE), 'north-team'),
    ('f5f38e73-5c07-471f-9c57-0F0000000013', '65aec290-3c78-4380-aaa8-080000000013', '4da74a93-b659-4247-a8eb-060000000001', DATEADD('DAY', 38, CURRENT_DATE), DATEADD('DAY', 39, CURRENT_DATE), 'InProgress', DATEADD('DAY', -66, CURRENT_DATE), 'automation'),
    ('4ae17710-a18d-459b-ab56-0F0000000014', '2e4e3983-fe01-4281-b33d-080000000014', 'c1b43cf4-e63e-46c3-b938-060000000002', DATEADD('DAY', 40, CURRENT_DATE), DATEADD('DAY', 41, CURRENT_DATE), 'Done', DATEADD('DAY', -69, CURRENT_DATE), 'regional-admin'),
    ('831229ef-e165-4462-85d4-0F0000000015', 'a474481c-e010-46ff-8b18-080000000015', 'ee8deef4-f74f-450f-a6aa-060000000003', DATEADD('DAY', 42, CURRENT_DATE), DATEADD('DAY', 43, CURRENT_DATE), 'Canceled', DATEADD('DAY', -72, CURRENT_DATE), 'west-team'),
    ('d24febf0-9d4f-4283-b1d2-0F0000000016', '59ced102-d984-47dd-823b-080000000016', 'fed6149a-d95f-42fd-b6c7-060000000004', DATEADD('DAY', 44, CURRENT_DATE), DATEADD('DAY', 45, CURRENT_DATE), 'Planned', DATEADD('DAY', -75, CURRENT_DATE), 'north-team'),
    ('7736a2ce-eb83-46ea-9d64-0F0000000017', 'a78012f5-46a9-4623-bc92-080000000017', '3b484b1d-f8e2-44ca-81a5-060000000005', DATEADD('DAY', 46, CURRENT_DATE), DATEADD('DAY', 47, CURRENT_DATE), 'Approved', DATEADD('DAY', -78, CURRENT_DATE), 'automation'),
    ('991c1bca-cf75-46dc-8042-0F0000000018', 'e76c819e-ec72-4aa4-b67a-080000000018', '13e636a8-bea2-4ec3-89da-060000000006', DATEADD('DAY', 48, CURRENT_DATE), DATEADD('DAY', 49, CURRENT_DATE), 'InProgress', DATEADD('DAY', -81, CURRENT_DATE), 'regional-admin')
;

-- Service contracts (coverage per account/project/site)
INSERT INTO ServiceContract (ContractID, AccountID, ProjectID, SiteID, ContractNumber, Status, StartDate, EndDate) VALUES
    ('03c4d9ba-1152-4d08-a232-100000000001', 'bfacb3aa-2756-4c62-9f92-040000000001', 'c0cb3f12-abdc-4839-bd70-070000000001', '9356ae01-fce4-4d24-84ca-080000000001', 'SC-2025-001', 'Planned', DATEADD('DAY', -90, CURRENT_DATE), DATEADD('DAY', 275, CURRENT_DATE)),
    ('7967aa71-d217-412f-9d34-100000000002', '79481711-f879-4692-b08f-040000000002', '2b0d9a59-e2b6-4fbe-b257-070000000002', '572031c7-2b2b-4914-b228-080000000004', 'SC-2025-002', 'Approved', DATEADD('DAY', -93, CURRENT_DATE), DATEADD('DAY', 272, CURRENT_DATE)),
    ('4d966ffa-0d07-4090-821c-100000000003', '093a3223-339c-4718-8cbb-040000000003', 'f1fd58b7-0756-4d10-9bcb-070000000003', '7c82162b-ef58-4f14-96db-080000000005', 'SC-2025-003', 'InProgress', DATEADD('DAY', -96, CURRENT_DATE), DATEADD('DAY', 269, CURRENT_DATE)),
    ('f39c8360-8e70-4d13-a6a0-100000000004', '75fc7752-d81c-4398-aa1f-040000000004', '57403bed-15b0-4146-aad4-070000000004', '7b77662c-09b5-4b48-a3fd-080000000008', 'SC-2025-004', 'Done', DATEADD('DAY', -99, CURRENT_DATE), DATEADD('DAY', 266, CURRENT_DATE)),
    ('1648c7f9-6e19-4fee-a58c-100000000005', '1f5b9498-4591-4cc3-927b-040000000005', 'e2658fe3-b3b5-4ba1-90c7-070000000005', '95ae3b4a-058a-4412-9302-080000000009', 'SC-2025-005', 'Planned', DATEADD('DAY', -102, CURRENT_DATE), DATEADD('DAY', 263, CURRENT_DATE)),
    ('44a0fc2d-21f0-4efa-b90b-100000000006', 'c933f6c3-9431-4497-8f7e-040000000006', '81cf8201-e505-4a55-9bf7-070000000006', '5542cc53-724f-4d4f-85fd-080000000012', 'SC-2025-006', 'Approved', DATEADD('DAY', -105, CURRENT_DATE), DATEADD('DAY', 260, CURRENT_DATE)),
    ('36d40605-3588-4a21-8761-100000000007', 'afe39e12-96a0-4e44-aad0-040000000007', '326c2d3c-9ff0-4514-bf5b-070000000007', '65aec290-3c78-4380-aaa8-080000000013', 'SC-2025-007', 'InProgress', DATEADD('DAY', -108, CURRENT_DATE), DATEADD('DAY', 257, CURRENT_DATE)),
    ('860aeb85-afb4-4871-a0a8-100000000008', '39d87f59-4c91-40d0-8c20-040000000008', '6d518293-b4d1-4dca-9866-070000000008', '59ced102-d984-47dd-823b-080000000016', 'SC-2025-008', 'Done', DATEADD('DAY', -111, CURRENT_DATE), DATEADD('DAY', 254, CURRENT_DATE)),
    ('09cf18ff-7bff-4e95-bba9-100000000009', '852c90fe-57e3-478b-a54f-040000000009', '81fdbe26-aba1-496d-8e34-070000000009', 'a78012f5-46a9-4623-bc92-080000000017', 'SC-2025-009', 'Planned', DATEADD('DAY', -114, CURRENT_DATE), DATEADD('DAY', 251, CURRENT_DATE)),
    ('f2e3210e-ffa8-47b5-be6d-100000000010', '963d549f-369c-4415-acd5-040000000010', '3da44044-4f8a-435c-b86a-070000000010', 'be84bbb8-a994-403c-ad7f-080000000020', 'SC-2025-010', 'Approved', DATEADD('DAY', -117, CURRENT_DATE), DATEADD('DAY', 248, CURRENT_DATE)),
    ('fff72845-a03f-428c-a9a8-100000000011', '6fa72025-d4b5-4e90-b3d3-040000000011', '4a019167-0f4b-4f23-8925-070000000011', 'aa74e93e-7939-46b6-a56d-080000000021', 'SC-2025-011', 'InProgress', DATEADD('DAY', -120, CURRENT_DATE), DATEADD('DAY', 245, CURRENT_DATE)),
    ('1e7f2e16-159e-4bf4-b164-100000000012', '86777c9d-8008-4fdd-936a-040000000012', '0a4e14d0-ca5c-4763-a1e1-070000000012', '7db4d198-9ddb-46dd-be3f-080000000024', 'SC-2025-012', 'Done', DATEADD('DAY', -123, CURRENT_DATE), DATEADD('DAY', 242, CURRENT_DATE)),
    ('913b33f9-eb9a-4e9a-870c-100000000013', '72b0a048-c430-41d9-8a61-040000000013', 'ea801bd3-7369-4adc-9b8f-070000000013', '497f21ca-c4d9-4a0f-aad2-080000000025', 'SC-2025-013', 'Planned', DATEADD('DAY', -126, CURRENT_DATE), DATEADD('DAY', 239, CURRENT_DATE)),
    ('224cfaaf-4834-468f-900e-100000000014', 'e113e677-fa0c-4ee9-838d-040000000014', '368e96fe-185b-4fe8-b575-070000000014', '2f7c3f72-7023-4c77-9864-080000000028', 'SC-2025-014', 'Approved', DATEADD('DAY', -129, CURRENT_DATE), DATEADD('DAY', 236, CURRENT_DATE)),
    ('f5ef8502-bab9-4c16-9c3c-100000000015', '1649b364-3d3d-4028-96a3-040000000015', '6feebb92-5e7a-4b47-b9aa-070000000015', 'b76a3f2d-2b0a-44a9-b711-080000000029', 'SC-2025-015', 'InProgress', DATEADD('DAY', -132, CURRENT_DATE), DATEADD('DAY', 233, CURRENT_DATE)),
    ('5b446f81-d9dc-4fb5-83ff-100000000016', 'a8f9bc49-ccc6-4053-a31f-040000000016', 'c5aa5c79-afd3-4b82-8c2c-070000000016', '4c0b8185-e61a-4e6f-be92-080000000032', 'SC-2025-016', 'Done', DATEADD('DAY', -135, CURRENT_DATE), DATEADD('DAY', 230, CURRENT_DATE)),
    ('a63ddc92-ce81-49a1-9068-100000000017', '98e5d086-5242-464c-bce6-040000000017', 'e0b8cf85-fe51-42e9-9284-070000000017', '60c209e7-221d-4af6-bb8f-080000000033', 'SC-2025-017', 'Planned', DATEADD('DAY', -138, CURRENT_DATE), DATEADD('DAY', 227, CURRENT_DATE)),
    ('0b524eec-3ec4-4b22-b76b-100000000018', '8084619d-c2e8-4915-8944-040000000018', '9f4b9295-bcd4-4d2b-9230-070000000018', '32a10043-9f50-437b-9809-080000000035', 'SC-2025-018', 'Approved', DATEADD('DAY', -141, CURRENT_DATE), DATEADD('DAY', 224, CURRENT_DATE)),
    ('a6b66ac5-89c4-43e1-ab13-100000000019', '34856fa9-79b5-4e6c-be97-040000000019', 'c13a5119-3c79-4edb-9147-070000000019', 'f258cf7c-eb27-4f72-9ab2-080000000036', 'SC-2025-019', 'InProgress', DATEADD('DAY', -144, CURRENT_DATE), DATEADD('DAY', 221, CURRENT_DATE)),
    ('685476c9-2fd4-4efb-b490-100000000020', '7a2199a5-ff8c-4c2c-9967-040000000020', '83c752aa-8a1f-4658-9237-070000000020', '354edfc0-7dea-4493-9321-080000000037', 'SC-2025-020', 'Done', DATEADD('DAY', -147, CURRENT_DATE), DATEADD('DAY', 218, CURRENT_DATE)),
    ('fd770354-a8dd-464a-8408-100000000021', '763c1a15-9396-406a-adf0-040000000021', '65747560-cd6a-4ce0-a30f-070000000021', 'd9944e19-042c-42f5-bace-080000000038', 'SC-2025-021', 'Planned', DATEADD('DAY', -150, CURRENT_DATE), DATEADD('DAY', 215, CURRENT_DATE)),
    ('6e2cf30f-9a7a-4a8f-9983-100000000022', '93df0b4f-cbab-4ff7-90fb-040000000022', '3816d6ce-ba2f-4e7f-9307-070000000022', '96b9ac38-9946-43c6-aa82-080000000039', 'SC-2025-022', 'Approved', DATEADD('DAY', -153, CURRENT_DATE), DATEADD('DAY', 212, CURRENT_DATE)),
    ('d2bfc352-f330-48c7-bfd8-100000000023', '911065c9-4a76-45f6-87ee-040000000023', '15e461b7-22d1-42d4-b820-070000000023', '7a599a02-b111-4961-b2e7-080000000040', 'SC-2025-023', 'InProgress', DATEADD('DAY', -156, CURRENT_DATE), DATEADD('DAY', 209, CURRENT_DATE)),
    ('5914ab78-1408-4c07-b01a-100000000024', 'ba81943a-7fa4-4d2f-bcdf-040000000024', '4dc29f6e-a34d-43b0-a7b1-070000000024', '946349f4-5d9d-424b-b251-080000000041', 'SC-2025-024', 'Done', DATEADD('DAY', -159, CURRENT_DATE), DATEADD('DAY', 206, CURRENT_DATE)),
    ('1202b533-7712-4067-8ae6-100000000025', '87d3bff9-50fe-499e-9074-040000000025', 'e22c9f92-2dbf-43e8-aa06-070000000025', 'e2adc1d4-fb8f-4de6-9328-080000000042', 'SC-2025-025', 'Planned', DATEADD('DAY', -162, CURRENT_DATE), DATEADD('DAY', 203, CURRENT_DATE)),
    ('3e897dbe-8324-4523-9b20-100000000026', '768637be-9cdf-4010-9b66-040000000026', '4aec6fcb-ecd6-4126-8b90-070000000026', 'cd33ae58-e955-4508-9d32-080000000043', 'SC-2025-026', 'Approved', DATEADD('DAY', -165, CURRENT_DATE), DATEADD('DAY', 200, CURRENT_DATE)),
    ('d90fe3cc-a772-4aba-9510-100000000027', 'f36faeb1-e56c-4151-8bc9-040000000027', '0e142027-760b-4bb5-85e5-070000000027', '72910968-9d5b-4b3c-9298-080000000044', 'SC-2025-027', 'InProgress', DATEADD('DAY', -168, CURRENT_DATE), DATEADD('DAY', 197, CURRENT_DATE)),
    ('81358593-dc26-436d-bc6d-100000000028', 'd863f5af-c7b9-48ef-b064-040000000028', '0fb7a91d-1f21-45e9-9907-070000000028', '91ca8b42-39ee-486c-b022-080000000045', 'SC-2025-028', 'Done', DATEADD('DAY', -171, CURRENT_DATE), DATEADD('DAY', 194, CURRENT_DATE))
;
